-- --------------------------------------------------------
-- Хост:                         127.0.0.1
-- Версия сервера:               10.1.19-MariaDB - mariadb.org binary distribution
-- Операционная система:         Win64
-- HeidiSQL Версия:              9.4.0.5125
-- --------------------------------------------------------

/*!40101 SET @OLD_CHARACTER_SET_CLIENT=@@CHARACTER_SET_CLIENT */;
/*!40101 SET NAMES utf8 */;
/*!50503 SET NAMES utf8mb4 */;
/*!40014 SET @OLD_FOREIGN_KEY_CHECKS=@@FOREIGN_KEY_CHECKS, FOREIGN_KEY_CHECKS=0 */;
/*!40101 SET @OLD_SQL_MODE=@@SQL_MODE, SQL_MODE='NO_AUTO_VALUE_ON_ZERO' */;

-- Дамп структуры для таблица yii2diplom.auto_class
CREATE TABLE IF NOT EXISTS `auto_class` (
  `id` int(11) NOT NULL AUTO_INCREMENT,
  `name` varchar(255) NOT NULL,
  `description` text,
  `active` tinyint(1) NOT NULL DEFAULT '0',
  PRIMARY KEY (`id`),
  UNIQUE KEY `name` (`name`)
) ENGINE=InnoDB AUTO_INCREMENT=10 DEFAULT CHARSET=utf8;

-- Дамп данных таблицы yii2diplom.auto_class: ~9 rows (приблизительно)
DELETE FROM `auto_class`;
/*!40000 ALTER TABLE `auto_class` DISABLE KEYS */;
INSERT INTO `auto_class` (`id`, `name`, `description`, `active`) VALUES
	(1, 'M', 'Мопеды', 1),
	(2, 'A', 'Мотоциклы', 0),
	(3, 'A1', 'Легкие мотоциклы с рабочим объемом двигателя внутреннего сгорания, не превышающим 125 кубических сантиметров, и максимальной мощностью, не превышающей 11 киловатт', 0),
	(4, 'B', 'Автомобили (за исключением транспортных средств категории A), разрешенная максимальная масса которых не превышает 3,5 тонн и число сидячих мест которых, помимо сиденья водителя, не превышает восьми; автомобили категории B, сцепленные с прицепом, разрешенная максимальная масса которого не превышает 750 килограммов; автомобили категории B, сцепленные с прицепом, разрешенная максимальная масса которого превышает 750 килограммов, но не превышает массы автомобиля без нагрузки, при условии, что общая разрешенная максимальная масса такого состава транспортных средств не превышает 3,5 тонн', 1),
	(5, 'B1', 'Трициклы и квадрициклы (не путайте с квадроциклами). Речь идет о тех из них, которые имеют право выезжать на дороги общего пользования (объем двигателя более 50 кубических cантиметров, и скорость более 50 км/час). На управление теми, которые не могут выезжать на дороги — объемом более 50 куб. сантиметров, но конструктивной скоростью менее 50 км/час — потребуется получать тракторные права', 0),
	(6, 'C', 'Автомобили, за исключением автомобилей категории D, разрешенная максимальная масса которых превышает 3500 килограммов; автомобили категории C, сцепленные с прицепом, разрешенная максимальная масса которого не превышает 750 килограммов', 0),
	(7, 'C1', 'Автомобили, за исключением автомобилей категории D, разрешенная максимальная масса которых превышает 3500 килограммов, но не превышает 7500 килограммов; автомобили подкатегории C1, сцепленные с прицепом, разрешенная максимальная масса которого не превышает 750 килограммов', 0),
	(8, 'D', 'Автомобили, предназначенные для перевозки пассажиров и имеющие более восьми сидячих мест, помимо сиденья водителя; автомобили категории D, сцепленные с прицепом, разрешенная максимальная масса которого не превышает 750 килограммов', 0),
	(9, 'D1', 'Автомобили, предназначенные для перевозки пассажиров и имеющие более восьми, но не более шестнадцати сидячих мест, помимо сиденья водителя; автомобили подкатегории D1, сцепленные с прицепом, разрешенная максимальная масса которого не превышает 750 килограммов', 0);
/*!40000 ALTER TABLE `auto_class` ENABLE KEYS */;

-- Дамп структуры для таблица yii2diplom.file
CREATE TABLE IF NOT EXISTS `file` (
  `id` int(11) NOT NULL AUTO_INCREMENT,
  `path` varchar(255) COLLATE utf8_unicode_ci NOT NULL,
  `name` varchar(255) COLLATE utf8_unicode_ci NOT NULL,
  `extension` varchar(10) COLLATE utf8_unicode_ci NOT NULL,
  `size` varchar(255) COLLATE utf8_unicode_ci NOT NULL,
  `mime` varchar(255) COLLATE utf8_unicode_ci NOT NULL,
  PRIMARY KEY (`id`),
  UNIQUE KEY `path` (`path`)
) ENGINE=InnoDB AUTO_INCREMENT=89 DEFAULT CHARSET=utf8 COLLATE=utf8_unicode_ci;

-- Дамп данных таблицы yii2diplom.file: ~76 rows (приблизительно)
DELETE FROM `file`;
/*!40000 ALTER TABLE `file` DISABLE KEYS */;
INSERT INTO `file` (`id`, `path`, `name`, `extension`, `size`, `mime`) VALUES
	(5, 'karpov.diplom.ru/uploads/question/DnrkywoOGYOlX7pj.jpg', '6', 'jpg', '725248', 'image/jpeg'),
	(6, 'karpov.diplom.ru/uploads/question/Ix1AD6tU-8a_vW8R.jpg', '18', 'jpg', '1167138', 'image/jpeg'),
	(7, 'karpov.diplom.ru/uploads/question/UkW6iMV45zgUM-cN.jpg', '18', 'jpg', '1167138', 'image/jpeg'),
	(8, 'karpov.diplom.ru\\uploads\\question\\xzvsn8SLt5HndciF.jpg', '18', 'jpg', '1167138', 'image/jpeg'),
	(9, 'D:\\OpenServer\\domains\\karpov.diplom.ru\\backend\\web\\karpov.diplom.ru/uploads/question/83_4PH8w-YqPtDs1.jpg', '22', 'jpg', '926844', 'image/jpeg'),
	(10, 'http://D:\\OpenServer\\domains\\karpov.diplom.ru\\backend\\web\\karpov.diplom.ru/uploads/question/96zEupatcOen3TKS.jpg', '7(1)', 'jpg', '550260', 'image/jpeg'),
	(11, 'http://karpov.diplom.ru/uploads/question/kWV9TDQ_NMYO-vth.jpg', '12(2)', 'jpg', '642365', 'image/jpeg'),
	(12, 'http://karpov.diplom.ru/uploads/question/mRHXQRSb7agj_Y6Q.jpg', 'usdl1wQ_oUA', 'jpg', '35190', 'image/jpeg'),
	(13, 'http://karpov.diplom.ru/uploads/question/wKm_zlgeQcdoYl4X.jpg', 'usdl1wQ_oUA', 'jpg', '32182', 'image/jpeg'),
	(14, 'http://karpov.diplom.ru/uploads/question/eI_O6ATMh0DJ-us3.jpg', 'WqdaQRoZeTw', 'jpg', '18688', 'image/jpeg'),
	(15, 'http://karpov.diplom.ru/uploads/question/sFUnCvW_6fUqebSa.jpg', '2TTB__txaIY', 'jpg', '33589', 'image/jpeg'),
	(16, 'http://karpov.diplom.ru/uploads/question/T9yR_rfnDgvL4y8-.jpg', 'usdl1wQ_oUA (1)', 'jpg', '35190', 'image/jpeg'),
	(17, 'http://karpov.diplom.ru/uploads/question/wF8Ex0s63BNgHp9F.jpg', 'usdl1wQ_oUA', 'jpg', '32182', 'image/jpeg'),
	(18, 'http://karpov.diplom.ru/uploads/question/9MavYEpnczSvczFW.jpg', 'WqdaQRoZeTw', 'jpg', '18688', 'image/jpeg'),
	(19, 'http://karpov.diplom.ru/uploads/question/p2hF5XdNjVScHKNY.jpg', '2TTB__txaIY', 'jpg', '33589', 'image/jpeg'),
	(20, 'http://karpov.diplom.ru/uploads/question/eZAYSQOq616i35dV.jpg', '8', 'jpg', '34696', 'image/jpeg'),
	(21, 'http://karpov.diplom.ru/uploads/question/8T1v0374SsTYip8n.jpg', '1_9', 'jpg', '41930', 'image/jpeg'),
	(22, 'http://karpov.diplom.ru/uploads/question/qrUBx_KweqSWAnkO.jpg', '1_10', 'jpg', '38847', 'image/jpeg'),
	(23, 'http://karpov.diplom.ru/uploads/question/gGVF87xf-7g5cqry.jpg', '1_11', 'jpg', '41707', 'image/jpeg'),
	(24, 'http://karpov.diplom.ru/uploads/question/icsSuaOAxASE520A.jpg', '1_12', 'jpg', '43770', 'image/jpeg'),
	(25, 'http://karpov.diplom.ru/uploads/question/rOdcCNDwXRyE77ee.jpg', '1_13', 'jpg', '38764', 'image/jpeg'),
	(26, 'http://karpov.diplom.ru/uploads/question/PTNfik59LUfqrmsC.jpg', '1_14', 'jpg', '41802', 'image/jpeg'),
	(27, 'http://karpov.diplom.ru/uploads/question/ZM_4ODlREHQA9uhh.jpg', '1_15', 'jpg', '42440', 'image/jpeg'),
	(28, 'http://karpov.diplom.ru/uploads/question/uosz6UkWb4epXBec.jpg', '1_16', 'jpg', '50898', 'image/jpeg'),
	(29, 'http://karpov.diplom.ru/uploads/question/rzFDOXuZzMub2BrJ.jpg', '2_1', 'jpg', '39287', 'image/jpeg'),
	(30, 'http://karpov.diplom.ru/uploads/question/8xh8UHLtkHq-Uqw9.jpg', '2_2', 'jpg', '48207', 'image/jpeg'),
	(31, 'http://karpov.diplom.ru/uploads/question/QQ0eQ6sWOFDMuKrN.jpg', '2_3', 'jpg', '36227', 'image/jpeg'),
	(32, 'http://karpov.diplom.ru/uploads/question/jpzFBEjFOyNdvrzG.jpg', '2_4', 'jpg', '8327', 'image/jpeg'),
	(33, 'http://karpov.diplom.ru/uploads/question/ebbAm44R6dkdBimu.jpg', '2_5', 'jpg', '47207', 'image/jpeg'),
	(34, 'http://karpov.diplom.ru/uploads/question/DsHVSzY40N1sxtQY.jpg', '2_6', 'jpg', '38523', 'image/jpeg'),
	(35, 'http://karpov.diplom.ru/uploads/question/74O8_4i5epQKtfB7.jpg', '2_7', 'jpg', '40469', 'image/jpeg'),
	(36, 'http://karpov.diplom.ru/uploads/question/Inkxd7Q0wM1vCqBD.jpg', '2_8', 'jpg', '42447', 'image/jpeg'),
	(37, 'http://karpov.diplom.ru/uploads/question/MWPTKdkAj8y1VT2v.jpg', '2_9', 'jpg', '37815', 'image/jpeg'),
	(38, 'http://karpov.diplom.ru/uploads/question/x5zaQOmyhZ6DOzeI.jpg', '2_11', 'jpg', '37293', 'image/jpeg'),
	(39, 'http://karpov.diplom.ru/uploads/question/35BkzhUcr9MrPoWZ.jpg', '2_12', 'jpg', '36543', 'image/jpeg'),
	(40, 'http://karpov.diplom.ru/uploads/question/9uqcbb8leBw7_AYz.jpg', '2_13', 'jpg', '39964', 'image/jpeg'),
	(41, 'http://karpov.diplom.ru/uploads/question/CriKQWi_1CP-T0-D.jpg', '2_14', 'jpg', '32473', 'image/jpeg'),
	(42, 'http://karpov.diplom.ru/uploads/question/sCjligrruHJwOL0M.jpg', '2_15', 'jpg', '29625', 'image/jpeg'),
	(43, 'http://karpov.diplom.ru/uploads/question/1k6C48eM068hdOaQ.jpg', '2_16', 'jpg', '44065', 'image/jpeg'),
	(44, 'http://karpov.diplom.ru/uploads/question/AEDWYLWwRFC0FbBP.jpg', '3_1', 'jpg', '43844', 'image/jpeg'),
	(45, 'http://karpov.diplom.ru/uploads/question/BEeyAGy1J1GTrt4q.jpg', '3_2', 'jpg', '37817', 'image/jpeg'),
	(46, 'http://karpov.diplom.ru/uploads/question/ycVeSxWpk7xUJ15p.jpg', '3_3', 'jpg', '34709', 'image/jpeg'),
	(47, 'http://karpov.diplom.ru/uploads/question/b0twPB02nUWj2oti.jpg', '3_4', 'jpg', '18031', 'image/jpeg'),
	(48, 'http://karpov.diplom.ru/uploads/question/YZzD5SkxOjamfDy9.jpg', '3_5', 'jpg', '37574', 'image/jpeg'),
	(49, 'http://karpov.diplom.ru/uploads/question/bxsWaCh1yDukfsnw.jpg', '3_6', 'jpg', '40515', 'image/jpeg'),
	(50, 'http://karpov.diplom.ru/uploads/question/9u3cq4_socYtjSUL.jpg', '3_8', 'jpg', '37840', 'image/jpeg'),
	(51, 'http://karpov.diplom.ru/uploads/question/k9rLAaGrNTjHyC4L.jpg', '3_9', 'jpg', '41031', 'image/jpeg'),
	(52, 'http://karpov.diplom.ru/uploads/question/wLMsHp47SYgvxjgi.jpg', '3_10', 'jpg', '36743', 'image/jpeg'),
	(53, 'http://karpov.diplom.ru/uploads/question/M3WBCt11lVNUwdOL.jpg', '3_12', 'jpg', '38727', 'image/jpeg'),
	(54, 'http://karpov.diplom.ru/uploads/question/fIuE4omCuV_B_VZE.jpg', '3_13', 'jpg', '46142', 'image/jpeg'),
	(55, 'http://karpov.diplom.ru/uploads/question/YMRAJSrDRDja65y8.jpg', '3_14', 'jpg', '43551', 'image/jpeg'),
	(56, 'http://karpov.diplom.ru/uploads/question/u_4Ff-NpMhRSFKPu.jpg', '3_15', 'jpg', '38336', 'image/jpeg'),
	(57, 'http://karpov.diplom.ru/uploads/question/XZ_U6ulqfDSDzhp5.jpg', '3_16', 'jpg', '43267', 'image/jpeg'),
	(58, 'http://karpov.diplom.ru/uploads/question/DgsQwgrcVcgsAjvM.jpg', '4_1', 'jpg', '40312', 'image/jpeg'),
	(59, 'http://karpov.diplom.ru/uploads/question/9cozPOLdK_lv8p9q.jpg', '4_2', 'jpg', '38466', 'image/jpeg'),
	(60, 'http://karpov.diplom.ru/uploads/question/G4qnSbWlP_XouMCv.jpg', '4_3', 'jpg', '18310', 'image/jpeg'),
	(61, 'http://karpov.diplom.ru/uploads/question/q05c4PzhMSAnTpv7.jpg', '4_4', 'jpg', '43279', 'image/jpeg'),
	(62, 'http://karpov.diplom.ru/uploads/question/MoQYGh5dv28KNXju.jpg', '4_6', 'jpg', '42300', 'image/jpeg'),
	(63, 'http://karpov.diplom.ru/uploads/question/ZAnnM4ogIKlIRu-p.jpg', '4_7', 'jpg', '47252', 'image/jpeg'),
	(64, 'http://karpov.diplom.ru/uploads/question/_zm-wb4iJyCdd_ZY.jpg', '4_8', 'jpg', '42046', 'image/jpeg'),
	(65, 'http://karpov.diplom.ru/uploads/question/xLTtyTaPOZsvms3s.jpg', '4_9', 'jpg', '37208', 'image/jpeg'),
	(66, 'http://karpov.diplom.ru/uploads/question/7VAOr4fmV_vb52ue.jpg', '4_11', 'jpg', '33376', 'image/jpeg'),
	(67, 'http://karpov.diplom.ru/uploads/question/yvT-0TwWoiRTCMRo.jpg', '4_11', 'jpg', '33376', 'image/jpeg'),
	(68, 'http://karpov.diplom.ru/uploads/question/fLHO289vSK7AWUaE.jpg', '4_12', 'jpg', '33088', 'image/jpeg'),
	(69, 'http://karpov.diplom.ru/uploads/question/Wbr2O2_9Ka8x-F3-.jpg', '4_13', 'jpg', '43187', 'image/jpeg'),
	(70, 'http://karpov.diplom.ru/uploads/question/iOn-wynAqtvfKkwn.jpg', '4_14', 'jpg', '40319', 'image/jpeg'),
	(71, 'http://karpov.diplom.ru/uploads/question/T6iH1Hx9LkuxN-GU.jpg', '4_15', 'jpg', '41319', 'image/jpeg'),
	(72, 'http://karpov.diplom.ru/uploads/question/zedrAxCbPbjjKHJT.jpg', '4_15', 'jpg', '41319', 'image/jpeg'),
	(73, 'http://karpov.diplom.ru/uploads/question/zfOemBiD_8Feuvat.jpg', '5_1', 'jpg', '37596', 'image/jpeg'),
	(74, 'http://karpov.diplom.ru/uploads/question/FEpv3MipZsh4DEm9.jpg', '5_2', 'jpg', '21770', 'image/jpeg'),
	(75, 'http://karpov.diplom.ru/uploads/question/g2kDBjWLcLbZYWvQ.jpg', '5_3', 'jpg', '38480', 'image/jpeg'),
	(76, 'http://karpov.diplom.ru/uploads/question/xu36zfwmHVj9_e7U.jpg', '5_4', 'jpg', '26432', 'image/jpeg'),
	(77, 'http://karpov.diplom.ru/uploads/question/JohA2VXdhDBGkKej.jpg', '5_5', 'jpg', '40047', 'image/jpeg'),
	(78, 'http://karpov.diplom.ru/uploads/question/X-H6o_B_Q1sHJEy5.jpg', '5_7', 'jpg', '39562', 'image/jpeg'),
	(79, 'http://karpov.diplom.ru/uploads/question/7jbFuPamoWeBDD1h.jpg', '5_8', 'jpg', '38740', 'image/jpeg'),
	(80, 'http://karpov.diplom.ru/uploads/question/FlzBLdL5dTQwEz0l.jpg', '5_9', 'jpg', '35928', 'image/jpeg'),
	(81, 'http://karpov.diplom.ru/uploads/question/1dUNVkyB7hszUc33.jpg', '5_10', 'jpg', '49593', 'image/jpeg'),
	(82, 'http://karpov.diplom.ru/uploads/question/MmXa10P0qKj0cZAh.jpg', '5_11', 'jpg', '44163', 'image/jpeg'),
	(83, 'http://karpov.diplom.ru/uploads/question/OhcxRJn4smNfyTHy.jpg', '5_12', 'jpg', '32608', 'image/jpeg'),
	(84, 'http://karpov.diplom.ru/uploads/question/8QRVwj4K-k1xHv9I.jpg', '5_13', 'jpg', '38171', 'image/jpeg'),
	(85, 'http://karpov.diplom.ru/uploads/question/WByZlfPIF6UD8nTO.jpg', '5_14', 'jpg', '37217', 'image/jpeg'),
	(86, 'http://karpov.diplom.ru/uploads/question/7IK6Ma_GQSkO7EBe.jpg', '5_15', 'jpg', '42220', 'image/jpeg'),
	(87, 'http://karpov.diplom.ru/uploads/question/zO2I3gtl59Yyxwjg.jpg', '5_16', 'jpg', '39294', 'image/jpeg'),
	(88, 'http://karpov.diplom.ru/uploads/question/SCVwLkvSF6NTdc62.jpg', '5_20', 'jpg', '21395', 'image/jpeg');
/*!40000 ALTER TABLE `file` ENABLE KEYS */;

-- Дамп структуры для таблица yii2diplom.group
CREATE TABLE IF NOT EXISTS `group` (
  `id` int(11) NOT NULL AUTO_INCREMENT,
  `name` varchar(255) COLLATE utf8_unicode_ci NOT NULL,
  `code` varchar(255) COLLATE utf8_unicode_ci NOT NULL,
  PRIMARY KEY (`id`),
  UNIQUE KEY `code` (`code`)
) ENGINE=InnoDB AUTO_INCREMENT=8 DEFAULT CHARSET=utf8 COLLATE=utf8_unicode_ci;

-- Дамп данных таблицы yii2diplom.group: ~7 rows (приблизительно)
DELETE FROM `group`;
/*!40000 ALTER TABLE `group` DISABLE KEYS */;
INSERT INTO `group` (`id`, `name`, `code`) VALUES
	(1, 'Администраторы', 'admin'),
	(2, 'Модераторы', 'moderator'),
	(3, 'Преподаватели', 'teacher'),
	(4, 'Инструкторы', 'instructor'),
	(5, 'Курсанты', 'learner'),
	(6, 'Зарегистрированные пользователи', 'registered'),
	(7, 'Незарегистрированные пользователи', 'unregistered');
/*!40000 ALTER TABLE `group` ENABLE KEYS */;

-- Дамп структуры для таблица yii2diplom.migration
CREATE TABLE IF NOT EXISTS `migration` (
  `version` varchar(180) NOT NULL,
  `apply_time` int(11) DEFAULT NULL,
  PRIMARY KEY (`version`)
) ENGINE=InnoDB DEFAULT CHARSET=utf8;

-- Дамп данных таблицы yii2diplom.migration: ~11 rows (приблизительно)
DELETE FROM `migration`;
/*!40000 ALTER TABLE `migration` DISABLE KEYS */;
INSERT INTO `migration` (`version`, `apply_time`) VALUES
	('m000000_000000_base', 1520056870),
	('m130524_201442_init', 1520056874),
	('m180212_132926_user', 1520056887),
	('m180213_154441_group', 1520056889),
	('m180213_161600_user_group', 1520056893),
	('m180214_134018_file', 1520056894),
	('m180319_154645_create_question_tables', 1521481124),
	('m180320_143426_create_auto_class_table', 1521558213),
	('m180320_150643_create_theory_question_auto_class_table', 1521558755),
	('m180410_103905_add_note_to_theory_question', 1523357031),
	('m180423_063216_add_theory_card_table', 1524468464),
	('m180425_084224_add_column_question_number', 1524646029);
/*!40000 ALTER TABLE `migration` ENABLE KEYS */;

-- Дамп структуры для таблица yii2diplom.theory_answer
CREATE TABLE IF NOT EXISTS `theory_answer` (
  `id` int(11) NOT NULL AUTO_INCREMENT,
  `answer_text` text COLLATE utf8_unicode_ci NOT NULL,
  `question_id` int(10) NOT NULL,
  `right_answer` tinyint(1) DEFAULT NULL,
  PRIMARY KEY (`id`),
  KEY `fk_theory_answer_question_id` (`question_id`),
  CONSTRAINT `fk_theory_answer_question_id` FOREIGN KEY (`question_id`) REFERENCES `theory_question` (`id`) ON DELETE CASCADE ON UPDATE CASCADE
) ENGINE=InnoDB AUTO_INCREMENT=355 DEFAULT CHARSET=utf8 COLLATE=utf8_unicode_ci;

-- Дамп данных таблицы yii2diplom.theory_answer: ~319 rows (приблизительно)
DELETE FROM `theory_answer`;
/*!40000 ALTER TABLE `theory_answer` DISABLE KEYS */;
INSERT INTO `theory_answer` (`id`, `answer_text`, `question_id`, `right_answer`) VALUES
	(33, 'Остановившись непосредственно перед пешеходным переходом, чтобы уступить дорогу пешеходу', 19, 0),
	(34, 'Остановившись на проезжей части из-за технической неисправности транспортного средства.', 19, 1),
	(35, 'В обоих перечисленных случаях.', 19, 0),
	(36, 'Разрешен.', 20, 1),
	(37, 'Разрешен только при технической неисправности транспортного средства.', 20, 0),
	(38, 'Запрещен.', 20, 0),
	(39, 'Можно.', 21, 1),
	(40, 'Можно, если Вы управляете такси.', 21, 0),
	(41, 'Нельзя.', 21, 0),
	(42, 'Только А.', 22, 0),
	(43, 'Только Б.', 22, 0),
	(44, 'В и Г.', 22, 0),
	(45, 'Все.', 22, 1),
	(46, 'Перед знаком.', 23, 0),
	(47, 'Перед перекрестком у линии разметки.', 23, 1),
	(48, 'На перекрестке перед прерывистой линией разметки.', 23, 0),
	(49, 'В любом месте по усмотрению водителя.', 23, 0),
	(50, 'Предупреждает о неисправности светофора', 24, 0),
	(51, 'Разрешает движение и информирует о том, что вскоре будет включен запрещающий сигнал.', 24, 1),
	(52, 'Запрещает дальнейшее движение.', 24, 0),
	(53, 'Перед началом движения или перестроением.', 25, 0),
	(54, 'Перед поворотом или разворотом.', 25, 0),
	(55, 'Перед остановкой.', 25, 0),
	(56, 'Во всех перечисленных случаях.', 25, 1),
	(57, 'Перестроиться на правую полосу, затем осуществить поворот.', 26, 0),
	(58, 'Продолжить движение по второй полосе до перекрестка, затем повернуть.', 26, 0),
	(59, 'Возможны оба варианта действий.', 26, 1),
	(60, 'Только по А.', 27, 1),
	(61, 'Только по Б.', 27, 0),
	(62, 'По любой из указанных.', 27, 0),
	(63, 'Не более 50 км/ч.', 28, 0),
	(64, 'Не менее 50 км/ч и не более 70 км/ч', 28, 0),
	(65, 'Не менее 50 км/ч и не более 90 км/ч.', 28, 1),
	(66, 'Можно.', 29, 1),
	(67, 'Можно, если скорость грузовых автомобилей менее 30 км/ч.', 29, 0),
	(68, 'Нельзя.', 29, 0),
	(69, 'Только если расстояние до сплошной линии разметки не менее 3 м.', 30, 0),
	(70, 'Только если расстояние до края пересекаемой проезжей части не менее 5 м.', 30, 0),
	(71, 'При соблюдении обоих перечисленных условий.', 30, 1),
	(72, 'Только велосипедисту.', 31, 0),
	(73, 'Только пешеходам.', 31, 0),
	(74, 'Пешеходам и велосипедисту.', 31, 1),
	(75, 'Никому.', 31, 0),
	(76, 'Обоим трамваям.', 32, 1),
	(77, 'Только трамваю А.', 32, 0),
	(78, 'Только трамваю Б.', 32, 0),
	(79, 'Никому.', 32, 0),
	(80, 'Только автобусу.', 33, 0),
	(81, 'Только легковому автомобилю.', 33, 0),
	(82, 'Никому.', 33, 1),
	(83, '60 км/ч.', 34, 0),
	(84, '50 км/ч.', 34, 0),
	(85, '30 км/ч.', 34, 0),
	(86, '20 км/ч.', 34, 1),
	(87, 'Категории «A» или подкатегории «A1».', 35, 0),
	(88, 'Любой категории или подкатегории в течение двух и более лет.', 35, 0),
	(89, 'Только категории «A» или подкатегории «A1» в течение двух и более лет', 35, 1),
	(90, 'Не работают пробки топливных баков.', 36, 0),
	(91, 'Не работает механизм регулировки положения сиденья водителя.', 36, 0),
	(92, 'Не работают устройства обогрева и обдува стекол.', 36, 0),
	(93, 'Не работает стеклоподъемник.', 36, 1),
	(94, 'Затормозить и полностью остановиться.', 37, 0),
	(95, 'Затормозить и плавно направить автомобиль на проезжую часть.', 37, 0),
	(96, 'Не прибегая к торможению, плавно направить автомобиль на проезжую часть.', 37, 1),
	(97, 'Время с момента обнаружения водителем опасности до полной остановки транспортного средства.', 38, 0),
	(98, 'Время с момента обнаружения водителем опасности до начала принятия мер по ее избежанию.', 38, 1),
	(99, 'Время, необходимое для переноса ноги с педали управления подачей топлива на педаль тормоза.', 38, 0),
	(100, 'Две.', 39, 0),
	(101, 'Четыре.', 39, 1),
	(102, 'Пять.', 39, 0),
	(103, 'Можно.', 40, 1),
	(104, 'Можно, если Вы не затрудните движение встречному автомобилю.', 40, 0),
	(105, 'Нельзя.', 40, 0),
	(106, 'Разрешено.', 41, 1),
	(107, 'Разрешено только по четным числам месяца.', 41, 0),
	(108, 'Разрешено только по нечетным числам месяца.', 41, 0),
	(109, 'Запрещено.', 41, 0),
	(110, 'Движение любых транспортных средств.', 42, 0),
	(111, 'Движение всех транспортных средств со скоростью не более 20 км/ч.', 42, 0),
	(112, 'Движение механических транспортных средств.', 42, 1),
	(113, 'Разрешен.', 43, 0),
	(114, 'Разрешен, если скорость автобуса менее 30 км/ч.', 43, 0),
	(115, 'Запрещен.', 43, 1),
	(116, 'Только налево.', 44, 1),
	(117, 'Прямо и налево.', 44, 0),
	(118, 'Налево и в обратном направлении.', 44, 0),
	(119, 'Повернуть направо.', 45, 0),
	(120, 'Продолжить движение прямо.', 45, 0),
	(121, 'Снизить скорость, чтобы остановиться и уступить дорогу мотоциклу.', 45, 1),
	(122, 'На левом.', 46, 0),
	(123, 'На правом.', 46, 0),
	(124, 'На обоих.', 46, 1),
	(125, 'Можно.', 47, 1),
	(126, 'Можно только при отсутствии приближающегося поезда.', 47, 0),
	(127, 'Нельзя.', 47, 0),
	(128, 'Только если на дороге нет других транспортных средств.', 48, 0),
	(129, 'Только при движении в темное время суток.', 48, 0),
	(130, 'Только при перестроении.', 48, 1),
	(131, 'Во всех перечисленных случаях.', 48, 0),
	(132, 'Разрешено.', 49, 0),
	(133, 'Разрешено, если водитель мотоцикла снизил скорость.', 49, 0),
	(134, 'Запрещено.', 49, 1),
	(135, 'Разрешается.', 50, 0),
	(136, 'Разрешается, если автомобиль будет находиться не ближе 5 м от края пересекаемой проезжей части.', 50, 1),
	(137, 'Запрещается.', 50, 0),
	(138, 'Только пешеходам.', 51, 0),
	(139, 'Только автобусу.', 51, 0),
	(140, 'Автобусу и пешеходам.', 51, 1),
	(141, 'Только при повороте направо.', 52, 0),
	(142, 'Только при повороте налево.', 52, 0),
	(143, 'В обоих перечисленных случаях.', 52, 1),
	(144, 'Обязан.', 53, 1),
	(145, 'Не обязан.', 53, 0),
	(146, 'Разрешается.', 54, 0),
	(147, 'Разрешается, если между шлагбаумом и остановившимся грузовым автомобилем расстояние более 5 м.', 54, 0),
	(148, 'Запрещается.', 54, 1),
	(149, 'Только на горных дорогах.', 55, 0),
	(150, 'Только в гололедицу.', 55, 1),
	(151, 'Только в темное время суток и в условиях недостаточной видимости.', 55, 0),
	(152, 'Во всех перечисленных случаях.', 55, 0),
	(153, '0,8 мм.', 56, 1),
	(154, '1,0 мм.', 56, 0),
	(155, '1,6 мм.', 56, 0),
	(156, '2,0 мм.', 56, 0),
	(157, 'Полностью исключает возможность возникновения только заноса.', 57, 0),
	(158, 'Полностью исключает возможность возникновения только сноса.', 57, 0),
	(159, 'Не исключает возможность возникновения сноса или заноса.', 57, 1),
	(160, 'При наличии болей в области сердца и затрудненного дыхания.', 58, 0),
	(161, 'При отсутствии у пострадавшего сознания, независимо от наличия дыхания.', 58, 0),
	(162, 'При отсутствии у пострадавшего сознания, дыхания и кровообращения.', 58, 1),
	(163, 'На главную дорогу.', 59, 1),
	(164, 'На равнозначную дорогу, поскольку отсутствуют знаки приоритета.', 59, 0),
	(165, 'На равнозначную дорогу, поскольку проезжая часть имеет твердое покрытие перед перекрестком.', 59, 0),
	(166, 'Перед знаком (А).', 60, 0),
	(167, 'Перед перекрестком (Б).', 60, 0),
	(168, 'Перед краем пересекаемой проезжей части (В).', 60, 1),
	(169, 'Только во время дождя.', 61, 0),
	(170, 'Во время выпадения осадков (дождя, града, снега).', 61, 0),
	(171, 'Во всех случаях, когда покрытие проезжей части влажное.', 61, 1),
	(172, 'Только А.', 62, 0),
	(173, 'Только Б.', 62, 1),
	(174, 'Б или Г.', 62, 0),
	(175, 'Б или В.', 62, 0),
	(176, 'Можно.', 63, 0),
	(177, 'Можно, если при этом не будут созданы помехи движению маршрутных транспортных средств.', 63, 1),
	(178, 'Нельзя.', 63, 0),
	(179, 'Имеете право проехать перекресток первым.', 64, 0),
	(180, 'Должны уступить дорогу только пешеходам.', 64, 0),
	(181, 'Должны уступить дорогу автомобилю с включенными проблесковым маячком и специальным звуковым сигналом, а также пешеходам.', 64, 1),
	(182, 'Только при отсутствии на дороге других участников движения.', 65, 0),
	(183, 'Только если сигнал может ввести в заблуждение других участников движения.', 65, 1),
	(184, 'В обоих перечисленных случаях.', 65, 0),
	(185, 'Только по траектории А.', 66, 1),
	(186, 'Только по траектории Б.', 66, 0),
	(187, 'По любой траектории из указанных.', 66, 0),
	(188, 'Разрешается.', 67, 0),
	(189, 'Разрешается, если видимость дороги не менее 100 м.', 67, 0),
	(190, 'Запрещается.', 67, 1),
	(191, 'Только по правой.', 68, 1),
	(192, 'Только по левой.', 68, 0),
	(193, 'По любой.', 68, 0),
	(194, 'Только если полоса, предназначенная для встречного движения, свободна на достаточном для обгона расстоянии.', 69, 0),
	(195, 'Только если его транспортное средство никто не обгоняет.', 69, 0),
	(196, 'В случае, если выполнены оба условия.', 69, 1),
	(197, 'Оба.', 70, 0),
	(198, 'Только водитель автомобиля.', 70, 1),
	(199, 'Только водитель мотоцикла.', 70, 0),
	(200, 'Никто не нарушил.', 70, 0),
	(201, 'Должны остановиться перед стоп-линией.', 71, 0),
	(202, 'Можете продолжить движение через перекресток без остановки.', 71, 1),
	(203, 'Должны уступить дорогу транспортным средствам, движущимся с других направлений.', 71, 0),
	(204, 'Проедете перекресток первым.', 72, 1),
	(205, 'Уступите дорогу легковому автомобилю.', 72, 0),
	(206, 'Уступите дорогу обоим транспортным средствам.', 72, 0),
	(207, 'Трамваям А и Б.', 73, 0),
	(208, 'Трамваю А и легковому автомобилю.', 73, 0),
	(209, 'Только трамваю А.', 73, 1),
	(210, 'Никому.', 73, 0),
	(211, 'Только водитель легкового автомобиля.', 74, 0),
	(212, 'Только водитель грузового автомобиля.', 74, 0),
	(213, 'Оба.', 74, 1),
	(214, 'Возраст не менее 16 лет.', 75, 0),
	(215, 'Знание Правил дорожного движения.', 75, 0),
	(216, 'Наличие первоначальных навыков управления.', 75, 0),
	(217, 'Все перечисленные требования.', 75, 1),
	(218, 'Только мотоциклы без бокового прицепа.', 76, 0),
	(219, 'Любые мотоциклы.', 76, 1),
	(220, 'Все мотоциклы и легковые автомобили.', 76, 0),
	(221, 'Уменьшите подачу топлива, рулевым колесом стабилизируете движение.', 77, 0),
	(222, 'Притормозите и повернете рулевое колесо в сторону заноса.', 77, 0),
	(223, 'Слегка увеличите подачу топлива, корректируя направление движения рулевым колесом.', 77, 1),
	(224, 'Значительно увеличите подачу топлива, не меняя положения рулевого колеса.', 77, 0),
	(225, 'Указать общеизвестные ориентиры, ближайшие к месту ДТП. Сообщить о количестве пострадавших, указать их пол и возраст.', 78, 0),
	(226, 'Указать улицу и номер дома, ближайшего к месту ДТП. Сообщить, кто пострадал в ДТП (пешеход, водитель автомобиля или пассажиры), и описать травмы, которые они получили.', 78, 0),
	(227, 'Указать место ДТП (назвать улицу, номер дома и общеизвестные ориентиры, ближайшие к месту ДТП). Сообщить: количество пострадавших, их пол, примерный возраст, наличие у них сознания, дыхания, кровообращения, а также сильного кровотечения, переломов и других травм. Дождаться сообщения диспетчера о том, что вызов принят.', 78, 1),
	(228, 'Одну полосу.', 79, 0),
	(229, 'Две полосы.', 79, 1),
	(230, 'Три полосы.', 79, 0),
	(231, 'О наличии через 500 м опасных поворотов.', 80, 0),
	(232, 'О том, что на расстоянии 150 – 300 м за дорожным знаком начнется участок дороги протяженностью 500 м с опасными поворотами.', 80, 1),
	(233, 'О том, что сразу за знаком начнется участок протяженностью 500 м с опасными поворотами.', 80, 0),
	(234, 'Только А.', 81, 1),
	(235, 'Только Б.', 81, 0),
	(236, 'Б и В.', 81, 0),
	(237, 'Только по правой.', 82, 1),
	(238, 'Только по левой.', 82, 0),
	(239, 'По любой.', 82, 0),
	(240, 'Предупреждает о приближении к стоп-линии перед регулируемым перекрестком.', 83, 0),
	(241, 'Предупреждает о приближении к стоп-линии и знаку «Движение без остановки запрещено».', 83, 1),
	(242, 'Предупреждает о приближении к знаку «Уступите дорогу».', 83, 0),
	(243, 'Только грузовому автомобилю.', 84, 1),
	(244, 'Легковому и грузовому автомобилям.', 84, 0),
	(245, 'Грузовому автомобилю и автобусу.', 84, 0),
	(246, 'Всем перечисленным транспортным средствам.', 84, 0),
	(247, 'Обязаны.', 85, 1),
	(248, 'Обязаны только при наличии движущегося сзади транспортного средства.', 85, 0),
	(249, 'Не обязаны.', 85, 0),
	(250, 'Водитель грузового автомобиля.', 86, 0),
	(251, 'Водитель легкового автомобиля.', 86, 1),
	(252, 'Только по траектории А.', 87, 0),
	(253, 'Только по траектории Б.', 87, 1),
	(254, 'По любой траектории из указанных.', 87, 0),
	(255, 'Только по крайней правой.', 88, 1),
	(256, 'Не далее второй полосы.', 88, 0),
	(257, 'По любой, кроме крайней левой.', 88, 0),
	(258, 'Разрешено.', 90, 1),
	(259, 'Разрешено только после проезда перекрестка.', 90, 0),
	(260, 'Запрещено.', 90, 0),
	(261, 'Разрешается.', 91, 0),
	(262, 'Разрешается, если при этом не будут созданы помехи для движения маршрутных транспортных средств.', 91, 1),
	(263, 'Запрещается.', 91, 0),
	(264, 'Проедете перекресток первым.', 92, 0),
	(265, 'Уступите дорогу только встречному автомобилю.', 92, 0),
	(266, 'Уступите дорогу только автомобилю с включенными проблесковым маячком и специальным звуковым сигналом.', 92, 1),
	(267, 'Уступите дорогу обоим транспортным средствам.', 92, 0),
	(268, 'Только пешеходу, переходящему проезжую часть по нерегулируемому пешеходному переходу.', 93, 0),
	(269, 'Только пешеходам, переходящим проезжую часть, на которую Вы поворачиваете.', 93, 0),
	(270, 'Всем пешеходам.', 93, 1),
	(271, 'Проехать перекресток первым.', 95, 0),
	(272, 'Уступить дорогу только легковому автомобилю.', 95, 1),
	(273, 'Уступить дорогу обоим транспортным средствам.', 95, 0),
	(274, 'Сквозное движение.', 96, 0),
	(275, 'Учебная езда.', 96, 0),
	(276, 'Стоянка с работающим двигателем.', 96, 0),
	(277, 'Все перечисленные действия.', 96, 1),
	(278, 'Не более 4 м.', 97, 1),
	(279, 'От 4 до 6 м.', 97, 0),
	(280, 'От 6 до 8 м.', 97, 0),
	(281, 'Загрязнены внешние световые приборы.', 98, 0),
	(282, 'Регулировка фар не соответствует установленным требованиям.', 98, 0),
	(283, 'На световых приборах используются рассеиватели и лампы, не соответствующие типу данного светового прибора.', 98, 0),
	(284, 'На транспортном средстве спереди установлены световые приборы с огнями оранжевого цвета.', 98, 1),
	(285, 'Быстро, но плавно повернуть рулевое колесо в сторону заноса, затем опережающим воздействием на рулевое колесо выровнять траекторию движения.', 99, 1),
	(286, 'Выключить сцепление и повернуть рулевое колесо в сторону заноса.', 99, 0),
	(287, 'Нажать на педаль тормоза и воздействием на рулевое колесо выровнять траекторию движения.', 99, 0),
	(288, 'Основания ладоней обеих кистей, взятых в «замок», должны располагаться на грудной клетке на два пальца выше мечевидного отростка так, чтобы большой палец одной руки указывал в сторону левого плеча пострадавшего, а другой – в сторону правого плеча. Руки выпрямляются в локтевых суставах.', 100, 0),
	(289, 'Основание ладони одной руки накладывают на середину грудной клетки на два пальца выше мечевидного отростка, вторую руку накладывают сверху, пальцы рук берут в замок. Руки выпрямляются в локтевых суставах, большие пальцы рук указывают на подбородок и живот. Надавливания должны проводиться без резких движений.', 100, 1),
	(290, 'Давление руками на грудину выполняют основанием ладони одной руки, расположенной на грудной клетке на два пальца выше мечевидного отростка. Рука выпрямлена в локтевом суставе. Направление большого пальца не имеет значения.', 100, 0),
	(291, 'Одну.', 101, 1),
	(292, 'Две.', 101, 0),
	(293, 'Четыре.', 101, 0),
	(294, 'Только В.', 102, 0),
	(295, 'А и В.', 102, 1),
	(296, 'Б и В.', 102, 0),
	(297, 'Б и Г.', 102, 0),
	(298, 'Разрешена.', 103, 1),
	(299, 'Разрешена только в светлое время суток.', 103, 0),
	(300, 'Запрещена.', 103, 0),
	(301, 'Нарушил.', 104, 1),
	(302, 'Не нарушил, если разрешенная максимальная масса автомобиля не более 3,5 т.', 104, 0),
	(303, 'Не нарушил.', 104, 0),
	(304, 'О приближении к железнодорожному переезду.', 105, 0),
	(305, 'О приближении к опасному перекрестку.', 105, 0),
	(306, 'О движении по опасному участку дороги.', 105, 1),
	(307, 'Разрешается.', 106, 1),
	(308, 'Разрешается, если водитель намерен проехать перекресток только в прямом направлении.', 106, 0),
	(309, 'Запрещается.', 106, 0),
	(310, 'Продолжить движение прямо.', 107, 0),
	(311, 'Повернуть направо.', 107, 0),
	(312, 'Снизить скорость, чтобы остановиться и уступить дорогу легковому автомобилю.', 107, 1),
	(313, 'Только прямо.', 108, 0),
	(314, 'Прямо и направо.', 108, 0),
	(315, 'Прямо, налево и в обратном направлении.', 108, 1),
	(316, 'Не меняя полосы, снизить скорость, затем перестроиться на полосу торможения.', 109, 0),
	(317, 'Не меняя скорости, перестроиться на полосу торможения, затем снизить скорость.', 109, 1),
	(318, 'Возможны оба варианта действий.', 109, 0),
	(319, '50 км/ч.', 110, 0),
	(320, '60 км/ч.', 110, 0),
	(321, '70 км/ч.', 110, 1),
	(322, '80 км/ч.', 110, 0),
	(323, '90 км/ч.', 110, 0),
	(324, 'Разрешен.', 111, 1),
	(325, 'Разрешен, если обгон будет завершен до перекрестка.', 111, 0),
	(326, 'Запрещен.', 111, 0),
	(327, 'Оба.', 112, 0),
	(328, 'Только водитель автомобиля А.', 112, 1),
	(329, 'Только водитель автомобиля Б.', 112, 0),
	(330, 'Никто не нарушил.', 112, 0),
	(331, 'Проедете перекресток первым.', 113, 0),
	(332, 'Выполните разворот, уступив дорогу легковому автомобилю.', 113, 1),
	(333, 'Дождетесь, когда регулировщик опустит правую руку.', 113, 0),
	(334, 'Только трамваю.', 114, 1),
	(335, 'Только легковому автомобилю.', 114, 0),
	(336, 'Обоим транспортным средствам.', 114, 0),
	(337, 'Проехать перекресток первым.', 115, 1),
	(338, 'Уступить дорогу только грузовому автомобилю с включенным проблесковым маячком.', 115, 0),
	(339, 'Уступить дорогу обоим транспортным средствам.', 115, 0),
	(340, 'Разрешено, поскольку дежурный по переезду запрещает движение только встречному автомобилю.', 116, 0),
	(341, 'Разрешено, если отсутствует приближающийся поезд.', 116, 0),
	(342, 'Запрещено.', 116, 1),
	(343, 'Только для предупреждения о намерении произвести обгон.', 117, 0),
	(344, 'Только для предотвращения дорожно-транспортного происшествия.', 117, 1),
	(345, 'В обоих перечисленных случаях.', 117, 0),
	(346, '10 градусов.', 118, 1),
	(347, '20 градусов.', 118, 0),
	(348, '25 градусов.', 118, 0),
	(349, 'Обойти автомобиль спереди.', 119, 0),
	(350, 'Обойти автомобиль сзади.', 119, 1),
	(351, 'Допустимы оба варианта действий.', 119, 0),
	(352, 'Большим, чем в действительности.', 120, 1),
	(353, 'Соответствующим действительности.', 120, 0),
	(354, 'Меньшим, чем в действительности.', 120, 0);
/*!40000 ALTER TABLE `theory_answer` ENABLE KEYS */;

-- Дамп структуры для таблица yii2diplom.theory_answer_log
CREATE TABLE IF NOT EXISTS `theory_answer_log` (
  `id` int(11) NOT NULL AUTO_INCREMENT,
  `user_id` int(10) NOT NULL,
  `question_id` int(10) NOT NULL,
  `answer_id` int(10) NOT NULL,
  `answer_time` datetime NOT NULL,
  `correctly` tinyint(1) NOT NULL,
  PRIMARY KEY (`id`),
  KEY `fk_theory_answer_log_user_id` (`user_id`),
  KEY `fk_theory_answer_log_question_id` (`question_id`),
  KEY `fk_theory_answer_log_answer_id` (`answer_id`),
  CONSTRAINT `fk_theory_answer_log_answer_id` FOREIGN KEY (`answer_id`) REFERENCES `theory_answer` (`id`) ON DELETE CASCADE ON UPDATE CASCADE,
  CONSTRAINT `fk_theory_answer_log_question_id` FOREIGN KEY (`question_id`) REFERENCES `theory_question` (`id`) ON DELETE CASCADE ON UPDATE CASCADE,
  CONSTRAINT `fk_theory_answer_log_user_id` FOREIGN KEY (`user_id`) REFERENCES `user` (`id`) ON DELETE CASCADE ON UPDATE CASCADE
) ENGINE=InnoDB DEFAULT CHARSET=utf8 COLLATE=utf8_unicode_ci;

-- Дамп данных таблицы yii2diplom.theory_answer_log: ~0 rows (приблизительно)
DELETE FROM `theory_answer_log`;
/*!40000 ALTER TABLE `theory_answer_log` DISABLE KEYS */;
/*!40000 ALTER TABLE `theory_answer_log` ENABLE KEYS */;

-- Дамп структуры для таблица yii2diplom.theory_card
CREATE TABLE IF NOT EXISTS `theory_card` (
  `id` int(11) NOT NULL AUTO_INCREMENT,
  `card_number` int(11) NOT NULL,
  PRIMARY KEY (`id`)
) ENGINE=InnoDB AUTO_INCREMENT=88 DEFAULT CHARSET=utf8;

-- Дамп данных таблицы yii2diplom.theory_card: ~75 rows (приблизительно)
DELETE FROM `theory_card`;
/*!40000 ALTER TABLE `theory_card` DISABLE KEYS */;
INSERT INTO `theory_card` (`id`, `card_number`) VALUES
	(4, 1),
	(9, 2),
	(10, 3),
	(11, 4),
	(12, 5),
	(13, 6),
	(14, 7),
	(15, 8),
	(16, 9),
	(17, 10),
	(18, 11),
	(19, 12),
	(20, 13),
	(21, 14),
	(22, 15),
	(23, 16),
	(24, 17),
	(25, 18),
	(26, 19),
	(27, 20),
	(28, 21),
	(29, 22),
	(30, 23),
	(31, 24),
	(32, 25),
	(33, 26),
	(34, 27),
	(35, 28),
	(36, 29),
	(37, 30),
	(38, 31),
	(39, 32),
	(40, 33),
	(41, 34),
	(42, 35),
	(43, 36),
	(44, 37),
	(45, 38),
	(46, 39),
	(47, 40),
	(48, 1),
	(49, 2),
	(50, 3),
	(51, 4),
	(52, 5),
	(53, 6),
	(54, 7),
	(55, 8),
	(56, 9),
	(57, 10),
	(58, 11),
	(59, 12),
	(60, 13),
	(61, 14),
	(62, 15),
	(63, 16),
	(64, 17),
	(65, 18),
	(66, 19),
	(67, 20),
	(68, 21),
	(69, 22),
	(70, 23),
	(71, 24),
	(72, 25),
	(73, 26),
	(74, 27),
	(75, 28),
	(76, 29),
	(77, 30),
	(78, 31),
	(79, 32),
	(80, 33),
	(81, 34),
	(82, 35),
	(83, 36),
	(84, 37),
	(85, 38),
	(86, 39),
	(87, 40);
/*!40000 ALTER TABLE `theory_card` ENABLE KEYS */;

-- Дамп структуры для таблица yii2diplom.theory_card_auto_class
CREATE TABLE IF NOT EXISTS `theory_card_auto_class` (
  `auto_class_id` int(11) NOT NULL,
  `card_id` int(11) NOT NULL,
  PRIMARY KEY (`card_id`,`auto_class_id`),
  KEY `fk_theory_card_auto_class_auto_class_id` (`auto_class_id`),
  CONSTRAINT `fk_theory_card_auto_class_auto_class_id` FOREIGN KEY (`auto_class_id`) REFERENCES `auto_class` (`id`) ON DELETE CASCADE ON UPDATE CASCADE,
  CONSTRAINT `fk_theory_card_auto_class_card_id` FOREIGN KEY (`card_id`) REFERENCES `theory_card` (`id`) ON DELETE CASCADE ON UPDATE CASCADE
) ENGINE=InnoDB DEFAULT CHARSET=utf8;

-- Дамп данных таблицы yii2diplom.theory_card_auto_class: ~323 rows (приблизительно)
DELETE FROM `theory_card_auto_class`;
/*!40000 ALTER TABLE `theory_card_auto_class` DISABLE KEYS */;
INSERT INTO `theory_card_auto_class` (`auto_class_id`, `card_id`) VALUES
	(1, 4),
	(2, 4),
	(3, 4),
	(4, 4),
	(5, 4),
	(1, 9),
	(2, 9),
	(3, 9),
	(4, 9),
	(5, 9),
	(1, 10),
	(2, 10),
	(3, 10),
	(4, 10),
	(5, 10),
	(1, 11),
	(2, 11),
	(3, 11),
	(4, 11),
	(5, 11),
	(1, 12),
	(2, 12),
	(3, 12),
	(4, 12),
	(5, 12),
	(1, 13),
	(2, 13),
	(3, 13),
	(4, 13),
	(5, 13),
	(1, 14),
	(2, 14),
	(3, 14),
	(4, 14),
	(5, 14),
	(1, 15),
	(2, 15),
	(3, 15),
	(4, 15),
	(5, 15),
	(1, 16),
	(2, 16),
	(3, 16),
	(4, 16),
	(5, 16),
	(1, 17),
	(2, 17),
	(3, 17),
	(4, 17),
	(5, 17),
	(1, 18),
	(2, 18),
	(3, 18),
	(4, 18),
	(5, 18),
	(1, 19),
	(2, 19),
	(3, 19),
	(4, 19),
	(5, 19),
	(1, 20),
	(2, 20),
	(3, 20),
	(4, 20),
	(5, 20),
	(1, 21),
	(2, 21),
	(3, 21),
	(4, 21),
	(5, 21),
	(1, 22),
	(2, 22),
	(3, 22),
	(4, 22),
	(5, 22),
	(1, 23),
	(2, 23),
	(3, 23),
	(4, 23),
	(5, 23),
	(1, 24),
	(2, 24),
	(3, 24),
	(4, 24),
	(5, 24),
	(1, 25),
	(2, 25),
	(3, 25),
	(4, 25),
	(5, 25),
	(1, 26),
	(2, 26),
	(3, 26),
	(4, 26),
	(5, 26),
	(1, 27),
	(2, 27),
	(3, 27),
	(4, 27),
	(5, 27),
	(1, 28),
	(2, 28),
	(3, 28),
	(4, 28),
	(5, 28),
	(1, 29),
	(2, 29),
	(3, 29),
	(4, 29),
	(5, 29),
	(1, 30),
	(2, 30),
	(3, 30),
	(4, 30),
	(5, 30),
	(1, 31),
	(2, 31),
	(3, 31),
	(4, 31),
	(5, 31),
	(1, 32),
	(2, 32),
	(3, 32),
	(4, 32),
	(5, 32),
	(1, 33),
	(2, 33),
	(3, 33),
	(4, 33),
	(5, 33),
	(1, 34),
	(2, 34),
	(3, 34),
	(4, 34),
	(5, 34),
	(1, 35),
	(2, 35),
	(3, 35),
	(4, 35),
	(5, 35),
	(1, 36),
	(2, 36),
	(3, 36),
	(4, 36),
	(5, 36),
	(1, 37),
	(2, 37),
	(3, 37),
	(4, 37),
	(5, 37),
	(1, 38),
	(2, 38),
	(3, 38),
	(4, 38),
	(5, 38),
	(1, 39),
	(2, 39),
	(3, 39),
	(4, 39),
	(5, 39),
	(1, 40),
	(2, 40),
	(3, 40),
	(4, 40),
	(5, 40),
	(1, 41),
	(2, 41),
	(3, 41),
	(4, 41),
	(5, 41),
	(1, 42),
	(2, 42),
	(3, 42),
	(4, 42),
	(5, 42),
	(1, 43),
	(2, 43),
	(3, 43),
	(4, 43),
	(5, 43),
	(1, 44),
	(2, 44),
	(3, 44),
	(4, 44),
	(5, 44),
	(1, 45),
	(2, 45),
	(3, 45),
	(4, 45),
	(5, 45),
	(1, 46),
	(2, 46),
	(3, 46),
	(4, 46),
	(5, 46),
	(1, 47),
	(2, 47),
	(3, 47),
	(4, 47),
	(5, 47),
	(6, 48),
	(7, 48),
	(8, 48),
	(9, 48),
	(6, 49),
	(7, 49),
	(8, 49),
	(9, 49),
	(6, 50),
	(7, 50),
	(8, 50),
	(9, 50),
	(6, 51),
	(7, 51),
	(8, 51),
	(9, 51),
	(6, 52),
	(7, 52),
	(8, 52),
	(9, 52),
	(6, 53),
	(7, 53),
	(8, 53),
	(9, 53),
	(6, 54),
	(7, 54),
	(8, 54),
	(9, 54),
	(6, 55),
	(7, 55),
	(8, 55),
	(9, 55),
	(6, 56),
	(7, 56),
	(8, 56),
	(9, 56),
	(6, 57),
	(7, 57),
	(8, 57),
	(9, 57),
	(6, 58),
	(7, 58),
	(8, 58),
	(9, 58),
	(6, 59),
	(7, 59),
	(8, 59),
	(9, 59),
	(6, 60),
	(7, 60),
	(8, 60),
	(9, 60),
	(6, 61),
	(7, 61),
	(8, 61),
	(9, 61),
	(6, 62),
	(7, 62),
	(8, 62),
	(9, 62),
	(6, 63),
	(7, 63),
	(8, 63),
	(9, 63),
	(6, 64),
	(7, 64),
	(8, 64),
	(9, 64),
	(6, 65),
	(7, 65),
	(8, 65),
	(9, 65),
	(6, 66),
	(7, 66),
	(8, 66),
	(9, 66),
	(6, 67),
	(7, 67),
	(8, 67),
	(9, 67),
	(6, 68),
	(7, 68),
	(8, 68),
	(9, 68),
	(6, 69),
	(7, 69),
	(8, 69),
	(9, 69),
	(6, 70),
	(7, 70),
	(8, 70),
	(9, 70),
	(6, 71),
	(7, 71),
	(8, 71),
	(9, 71),
	(6, 72),
	(7, 72),
	(8, 72),
	(9, 72),
	(6, 73),
	(7, 73),
	(8, 73),
	(9, 73),
	(6, 74),
	(7, 74),
	(8, 74),
	(9, 74),
	(6, 75),
	(7, 75),
	(8, 75),
	(9, 75),
	(6, 76),
	(7, 76),
	(8, 76),
	(9, 76),
	(6, 77),
	(7, 77),
	(8, 77),
	(9, 77),
	(6, 78),
	(7, 78),
	(8, 78),
	(9, 78),
	(6, 79),
	(7, 79),
	(8, 79),
	(9, 79),
	(6, 80),
	(7, 80),
	(8, 80),
	(9, 80),
	(6, 81),
	(7, 81),
	(8, 81),
	(9, 81),
	(6, 82),
	(7, 82),
	(8, 82),
	(9, 82),
	(6, 83),
	(7, 83),
	(8, 83),
	(9, 83),
	(6, 84),
	(7, 84),
	(8, 84),
	(9, 84),
	(6, 85),
	(7, 85),
	(8, 85),
	(9, 85),
	(6, 86),
	(7, 86),
	(8, 86),
	(9, 86),
	(6, 87),
	(7, 87),
	(8, 87),
	(9, 87);
/*!40000 ALTER TABLE `theory_card_auto_class` ENABLE KEYS */;

-- Дамп структуры для таблица yii2diplom.theory_card_log
CREATE TABLE IF NOT EXISTS `theory_card_log` (
  `id` int(11) NOT NULL AUTO_INCREMENT,
  `card_id` int(11) NOT NULL,
  `user_id` int(11) NOT NULL,
  `create_time` datetime NOT NULL,
  `passed` tinyint(1) NOT NULL,
  `right_answer_count` smallint(6) NOT NULL,
  PRIMARY KEY (`id`),
  KEY `fk_theory_card_log_card_id` (`card_id`),
  KEY `fk_theory_card_log_user_id` (`user_id`),
  CONSTRAINT `fk_theory_card_log_card_id` FOREIGN KEY (`card_id`) REFERENCES `theory_card` (`id`) ON DELETE CASCADE ON UPDATE CASCADE,
  CONSTRAINT `fk_theory_card_log_user_id` FOREIGN KEY (`user_id`) REFERENCES `user` (`id`) ON DELETE CASCADE ON UPDATE CASCADE
) ENGINE=InnoDB DEFAULT CHARSET=utf8;

-- Дамп данных таблицы yii2diplom.theory_card_log: ~0 rows (приблизительно)
DELETE FROM `theory_card_log`;
/*!40000 ALTER TABLE `theory_card_log` DISABLE KEYS */;
/*!40000 ALTER TABLE `theory_card_log` ENABLE KEYS */;

-- Дамп структуры для таблица yii2diplom.theory_question
CREATE TABLE IF NOT EXISTS `theory_question` (
  `id` int(11) NOT NULL AUTO_INCREMENT,
  `question_number` int(11) NOT NULL,
  `question_text` text COLLATE utf8_unicode_ci NOT NULL,
  `card_id` int(11) NOT NULL,
  `topic_id` int(10) NOT NULL,
  `image_id` int(10) DEFAULT NULL,
  `update_status` varchar(1) COLLATE utf8_unicode_ci DEFAULT NULL,
  `last_update` datetime DEFAULT NULL,
  `note` text COLLATE utf8_unicode_ci NOT NULL,
  PRIMARY KEY (`id`),
  KEY `fk_theory_question_topic_id` (`topic_id`),
  KEY `fk_theory_question_image_id` (`image_id`),
  KEY `fk_theory_question_card_id` (`card_id`),
  CONSTRAINT `fk_theory_question_card_id` FOREIGN KEY (`card_id`) REFERENCES `theory_card` (`id`) ON DELETE CASCADE ON UPDATE CASCADE,
  CONSTRAINT `fk_theory_question_image_id` FOREIGN KEY (`image_id`) REFERENCES `file` (`id`) ON DELETE CASCADE ON UPDATE CASCADE,
  CONSTRAINT `fk_theory_question_topic_id` FOREIGN KEY (`topic_id`) REFERENCES `theory_topic` (`id`) ON DELETE CASCADE ON UPDATE CASCADE
) ENGINE=InnoDB AUTO_INCREMENT=121 DEFAULT CHARSET=utf8 COLLATE=utf8_unicode_ci;

-- Дамп данных таблицы yii2diplom.theory_question: ~93 rows (приблизительно)
DELETE FROM `theory_question`;
/*!40000 ALTER TABLE `theory_question` DISABLE KEYS */;
INSERT INTO `theory_question` (`id`, `question_number`, `question_text`, `card_id`, `topic_id`, `image_id`, `update_status`, `last_update`, `note`) VALUES
	(19, 1, 'В каком случае водитель совершит вынужденную остановку?', 4, 1, NULL, 'Y', '2018-04-25 12:52:20', 'Под вынужденной остановкой понимается прекращение движения ТС из-за его технической неисправности, опасности, создаваемой перевозимым грузом, внезапным ухудшением состояния водителя (или пассажира), а также появлением препятствия на дороге (п. 1.2). Остановка, связанная с необходимостью выполнения требования уступить дорогу, не рассматривается как вынужденная.'),
	(20, 2, 'Разрешен ли Вам съезд на дорогу с грунтовым покрытием?', 4, 26, 16, 'Y', '2018-04-25 12:55:51', 'Знаки 1.11.2 «Опасный поворот» и 1.34.2 «Направление поворота» указывают направление движения на закруглениях дороги малого радиуса с ограниченной видимостью. Эти знаки не ограничивают возможность съезда с дороги, в данном случае — на примыкающую справа грунтовую дорогу.'),
	(21, 3, 'Можно ли Вам остановиться в указанном месте для посадки пассажира?', 4, 26, 17, 'Y', '2018-04-25 12:57:30', 'Знак 3.28 «Стоянка запрещена» остановку не запрещает, поэтому Вы можете остановиться в указанном месте.'),
	(22, 4, 'Какие из указанных знаков запрещают движение водителям мопедов?', 4, 26, 18, 'Y', '2018-04-25 13:00:25', 'Все указанные знаки запрещают движение водителям мопедов. Знак 5.14 (знак Б) «Полоса для маршрутных транспортных средств» используется для обозначения полосы, предназначенной для движения только маршрутных ТС, велосипедистов, школьных автобусов и ТС, используемых в качестве легкового такси. Знаки 4.4.1 (знак А) «Велосипедная дорожка», 4.5.2 «Пешеходная и велосипедная дорожка с совмещенным движением» (знак В) и 4.5.4 «Пешеходная и велосипедная дорожка с разделением движения» (знак Г) движение мопедов также не предусматривают (п. 1.2 «Велосипедная дорожка»). '),
	(23, 5, 'Вы намерены повернуть налево. Где следует остановиться, чтобы уступить дорогу легковому автомобилю?', 4, 27, 19, 'Y', '2018-04-25 13:01:45', 'Разметка 1.13 (в виде линии из треугольников) наносится поперек полосы движения и указывает место, где Вы должны при необходимости остановиться, выполняя требование знака 2.4 «Уступите дорогу» и предоставляя преимущество ТС, движущимся по пересекаемой дороге.'),
	(24, 6, 'Что означает мигание зеленого сигнала светофора?', 4, 6, NULL, 'Y', '2018-04-25 13:04:12', 'Для информирования водителей о предстоящей смене зеленого сигнала светофора на желтый Правилами предусмотрена возможность мигания зеленого сигнала. Этот сигнал разрешает движение ТС (п. 6.2). Длительность мигания при этом должна составлять 3 сек.'),
	(25, 7, 'Водитель обязан подавать сигналы световыми указателями поворота (рукой):', 4, 8, NULL, 'Y', '2018-04-25 13:07:03', 'Перед началом движения, перестроением, поворотом (разворотом) и остановкой водитель обязан подавать сигналы световыми указателями поворота соответствующего направления, а если они отсутствуют или неисправны - рукой (п. 8.1).'),
	(26, 8, 'Как Вам следует поступить при повороте направо?\r\n', 4, 8, 20, 'Y', '2018-04-25 13:11:10', 'Стрелы разметки 1.18 указывают, что на данном перекрестке поворот направо может осуществляться не только с правой, но и с левой полосы. Следовательно, Вы можете выполнить поворот либо заранее перестроившись на крайнюю правую полосу (занять крайнее правое положение) (п. 8.5), либо продолжив движение по левой полосе.'),
	(27, 9, 'По какой траектории Вам разрешено выполнить разворот?', 4, 8, 21, 'Y', '2018-04-25 13:14:39', 'Выполняя разворот на этом перекрестке, Вам придется использовать для движения участок проезжей части, имеющий двустороннее движение. Поэтому, въезжая на перекресток, Вы можете продолжить движение только по правой стороне этого участка проезжей части (п. 1.4). Следовательно, в данном случае Вам разрешено двигаться по траектории А.'),
	(28, 10, 'С какой скоростью Вы можете продолжить движение вне населенного пункта по левой полосе на легковом автомобиле?', 4, 10, 22, 'Y', '2018-04-25 13:35:04', 'Знак 4.6 «Ограничение минимальной скорости» и табличка 8.14 «Полоса движения» предписывают двигаться по левой полосе со скоростью не менее 50 км/ч. Однако при этом на дороге вне населенного пункта, не относящейся к автомагистрали, Вы не имеете права на легковом автомобиле развивать скорость более 90 км/ч (п. 10.3).'),
	(29, 11, 'Можно ли водителю легкового автомобиля выполнить опережение грузовых автомобилей вне населенного пункта по такой траектории?', 4, 9, 23, 'Y', '2018-04-25 15:42:14', 'Вне населенных пунктов водители ТС должны вести их по возможности ближе к правому краю проезжей части (п. 9.4). Однако можно последовательно опередить несколько ТС, следующих друг за другом на незначительной дистанции.'),
	(30, 12, 'В каком случае водителю разрешается поставить автомобиль на стоянку в указанном месте?', 4, 12, 24, 'Y', '2018-04-25 15:45:27', 'Остановившись за пешеходным переходом в 5 м от края пересекаемой проезжей части и обеспечив при этом расстояние в 3 м до сплошной линии разметки, водитель не нарушит правила стоянки (пп. 12.4 и 12.5).'),
	(31, 13, 'При повороте направо Вы должны уступить дорогу:', 4, 13, 25, 'Y', '2018-04-25 15:49:44', 'При повороте направо по разрешающему сигналу светофора Вы должны уступить дорогу как велосипедисту, так и пешеходам (п. 13.1). '),
	(32, 14, 'Вы намерены проехать перекресток в прямом направлении. Кому Вы должны уступить дорогу?', 4, 13, 26, 'Y', '2018-04-25 15:52:51', 'В данной ситуации Вы должны уступить дорогу обоим трамваям, так как на перекрестках равнозначных дорог трамвай имеет преимущество перед безрельсовыми ТС независимо от направления его движения (п. 13.11).'),
	(33, 15, 'Кому Вы обязаны уступить дорогу при повороте налево?', 4, 13, 27, 'Y', '2018-04-25 15:54:17', 'Проезжая данный перекресток неравнозначных дорог по направлению главной дороги (знаки 2.1 «Главная дорога» и 8.13 «Направление главной дороги»), Вы никому не должны уступать дорогу, поскольку пользуетесь преимуществом как перед находящимся на главной дороге автобусом, для которого Вы являетесь «помехой справа» (пп. 13.10 и 13.11), так и перед легковым автомобилем, движущимся по второстепенной дороге (п. 13.9). '),
	(34, 16, 'С какой максимальной скоростью можно продолжить движение за знаком?', 4, 10, 28, 'Y', '2018-04-25 16:05:47', 'Знак 5.21 «Жилая зона» обозначает въезд на территорию, где скорость не должна превышать 20 км/ч (п. 10.2). '),
	(35, 17, 'Для перевозки людей на мотоцикле водитель должен иметь водительское удостоверение на право управления транспортными средствами:', 4, 22, NULL, 'Y', '2018-04-25 16:10:52', 'Перевозка людей на мотоцикле должна осуществляться водителем, имеющим водительское удостоверение на право управления ТС категории «A» или подкатегории «A1» в течение двух и более лет (п. 22.21).'),
	(36, 18, 'При какой неисправности разрешается эксплуатация транспортного средства?', 4, 28, NULL, 'Y', '2018-04-25 16:12:37', 'Из всех перечисленных неисправностей только неработающий стеклоподъемник не является причиной запрещения эксплуатации ТС. Остальные неисправности включены в Перечень (п. 7.4), поэтому при их наличии эксплуатация ТС.\r\nзапрещена.'),
	(37, 19, 'В случае, когда правые колеса автомобиля наезжают на неукрепленную влажную обочину, рекомендуется:', 4, 29, NULL, 'Y', '2018-04-25 16:36:08', 'При съезде автомобиля правыми колесами на неукрепленную и влажную обочину возникает опасность заноса из-за разницы сцепления правых и левых колес с дорогой. При этом целесообразно, не меняя скорости, т.е. не прибегая к торможению, плавным поворотом рулевого колеса вернуть автомобиль на проезжую часть. Торможение в данной ситуации может вызвать занос автомобиля.'),
	(38, 20, 'Что понимается под временем реакции водителя?', 4, 29, NULL, 'Y', '2018-04-25 16:37:58', 'Под временем реакции водителя понимается время с момента обнаружения опасности до начала принятия мер по избежанию опасности. В зависимости от состояния водителя и его опыта, а также сложности обстановки, в которой он находится, это время обычно составляет от 0,4 до 1,6 секунды.'),
	(39, 1, 'Сколько полос для движения имеет данная дорога?', 9, 1, 29, 'Y', '2018-04-26 11:35:41', 'При наличии разделительной полосы дорога имеет две проезжие части, каждая из которых разделена разметкой на две полосы (п. 1.2).'),
	(40, 2, 'Можно ли Вам въехать на мост первым?', 9, 26, 30, 'Y', '2018-04-26 11:53:21', 'Знак 2.7 «Преимущество перед встречным движением» дает Вам право первым въехать на узкий мост, поскольку водитель встречного автомобиля в этой ситуации должен уступить дорогу тем, кто находится не только на мосту, но и на противоположном подъезде к нему.'),
	(41, 3, 'Разрешено ли Вам произвести остановку для посадки пассажира?', 9, 26, 31, 'Y', '2018-04-26 11:53:33', 'Знак 3.29 «Стоянка запрещена по нечетным числам месяца» запрещает только стоянку. Следовательно, остановиться в этом месте, в том числе и для посадки пассажиров, Вы можете в любой день месяца.'),
	(42, 4, 'Что запрещено в зоне действия этого знака?', 9, 26, 32, 'Y', '2018-04-26 11:53:43', 'Знак 5.33 «Пешеходная зона» обозначает место, с которого начинается территория (участок дороги), на которой разрешено движение только пешеходов, а также велосипедистов в случаях, установленных в п. 24.2 – 24.4 Правил (Приложение 1). Таким образом, запрещено движение всех механических ТС.'),
	(43, 5, 'Разрешен ли Вам выезд на полосу с реверсивным движением, если реверсивный светофор выключен?', 9, 6, 33, 'Y', '2018-04-26 11:53:55', 'В случае если реверсивные светофоры выключены, въезд на полосу, обозначенную с двух сторон разметкой 1.9 (Приложение 2), запрещен (п. 6.7).'),
	(44, 6, 'В каких направлениях Вам разрешается продолжить движение?', 9, 8, 34, 'Y', '2018-04-26 11:54:03', 'Дополнительная секция с включенным сигналом в виде зеленой стрелки, знак 5.15.1 «Направления движения по полосам» и разметка 1.18 разрешают Вам с правой полосы только поворот налево. Движение прямо запрещает красный сигнал светофора, а разворот запрещен, так как Правила предписывают производить разворот только с крайней левой полосы (п. 8.5). Поворот направо запрещен при любом сигнале.'),
	(45, 7, 'Поднятая вверх рука водителя легкового автомобиля является сигналом, информирующим Вас о его намерении:', 9, 8, 35, 'Y', '2018-04-26 11:54:11', 'Для выполнения требования знака 2.4 «Уступите дорогу» водитель легкового автомобиля должен снизить скорость и остановиться, чтобы уступить дорогу мотоциклу. Об этом водитель автомобиля информирует Вас поднятой вверх рукой (п. 8.1). '),
	(46, 8, 'Двигаясь по левой полосе, водитель намерен перестроиться на правую. На каком из рисунков показана ситуация, в которой он обязан уступить дорогу?', 9, 8, 36, 'Y', '2018-04-26 11:52:47', 'При перестроении с левой полосы на правую водитель должен уступить дорогу легковому автомобилю, движущемуся по правой полосе, как при его движении прямо, так и в случае одновременного перестроения (п. 8.4). '),
	(47, 9, 'Можно ли Вам выполнить разворот в этом месте?', 9, 8, 37, 'Y', '2018-04-26 11:57:02', 'Разворот запрещен непосредственно на самих железнодорожных переездах (п. 8.11). Перед переездом разворот разрешен. '),
	(48, 10, 'В каких случаях разрешается наезжать на прерывистые линии разметки, разделяющие проезжую часть на полосы движения?', 9, 9, NULL, 'Y', '2018-04-26 12:05:46', 'Наезжать на прерывистые линии разметки разрешается только при перестроении (п. 9.7).'),
	(49, 11, 'Разрешено ли Вам обогнать мотоцикл?', 9, 11, 38, 'Y', '2018-04-26 12:05:13', 'Водитель мотоцикла и Вы приближаетесь к нерегулируемому перекрестку равнозначных дорог, на котором обгон запрещен (п.11.4). Кроме того, справа находится легковой автомобиль, которому водитель мотоцикла и Вы должны уступить дорогу (п.13.11).'),
	(50, 12, 'Разрешается ли Вам остановиться в указанном месте?', 9, 12, 39, 'Y', '2018-04-26 12:07:28', 'Вам разрешается остановиться в указанном месте только в том случае, если автомобиль будет находиться не ближе 5 м от края пересекаемой проезжей части, т.е. расстояние от остановившегося автомобиля как спереди, так и сзади него до соответствующего края пересекаемой проезжей части будет составлять не менее 5 м (п. 12.4).'),
	(51, 13, 'Вы намерены повернуть налево. Кому Вы должны уступить дорогу?', 9, 13, 40, 'Y', '2018-04-26 12:09:26', 'Перекресток, на который Вы въезжаете, — регулируемый, поэтому очередность движения на нем определяется не знаками приоритета, а сигналами светофора (пп. 6.15 и 13.3). Поворачивая налево, Вы должны уступить дорогу автобусу, движущемуся со встречного направления прямо (п. 13.4), а завершая поворот, — и пешеходам, переходящим проезжую часть дороги, на которую Вы поворачиваете (п. 13.1).'),
	(52, 14, 'В каком случае Вы имеете преимущество?', 9, 13, 41, 'Y', '2018-04-26 12:15:03', 'Находящийся слева грузовой автомобиль должен уступить Вам дорогу (п. 13.11), поэтому данный перекресток равнозначных дорог Вы проедете первым независимо от направления своего движения.'),
	(53, 15, 'Обязан ли водитель мотоцикла уступить Вам дорогу?', 9, 13, 42, 'Y', '2018-04-26 12:16:54', 'Вы находитесь на автомагистрали, о чем свидетельствует знак 5.1 «Автомагистраль», а мотоцикл въезжает на нее по полосе разгона. Автомагистраль является главной дорогой по отношению к примыкающим (пп. 13.9 и 1.2, термин «Главная дорога»). В данной ситуации водитель мотоцикла должен уступить Вам дорогу (8.10).'),
	(54, 16, 'Разрешается ли водителю выполнить объезд грузового автомобиля?', 9, 15, 43, 'Y', '2018-04-26 12:19:13', 'Водитель грузового автомобиля остановился перед железнодорожным переездом, а объезд стоящих перед переездом ТС с выездом на полосу встречного движения запрещен (п. 15.3).'),
	(55, 17, 'В каких из перечисленных случаев запрещена буксировка на гибкой сцепке?', 9, 20, NULL, 'Y', '2018-04-26 12:21:43', 'Буксировка на гибкой сцепке запрещена только в гололедицу (п. 20.4) из-за высокой вероятности заноса при торможении или трогании с места.'),
	(56, 18, 'Запрещается эксплуатация мототранспортных средств (категории L), если остаточная глубина рисунка протектора шин (при отсутствии индикаторов износа) составляет не более:', 9, 28, NULL, 'Y', '2018-04-26 12:24:15', 'Для мототранспортных средств, относящихся к ТС категорий L (в соответствии с приложением № 1 к техническому регламенту Таможенного союза «О безопасности колесных транспортных средств»), остаточная глубина рисунка протектора шин (при отсутствии индикаторов износа), при которой запрещается эксплуатация ТС, составляет не более 0,8 мм (Перечень, п. 5.1).'),
	(57, 19, 'Исключает ли антиблокировочная тормозная система возможность возникновения заноса или сноса при прохождении поворота?', 9, 29, NULL, 'Y', '2018-04-26 12:26:39', 'При прохождении поворота на ТС действует центробежная сила, которая возрастает с увеличением скорости и стремится сместить ТС к внешней стороне закругления дороги. Занос или снос ТС может возникнуть при проезде поворота из-за большой скорости движения, торможения или низкого коэффициента сцепления. Антиблокировочная тормозная система, предназначенная для предотвращения блокировки колес ТС, может снизить вероятность возникновения заноса или сноса при торможении, но не может исключить возможность их возникновения. '),
	(58, 20, 'В каких случаях следует начинать сердечно-легочную реанимацию пострадавшего?', 9, 30, NULL, 'Y', '2018-04-26 12:30:55', 'Сердечно-легочная реанимация проводится только при отсутствии у пострадавшего признаков жизни: сознания, дыхания и кровообращения (Перечень мероприятий, п. 5).'),
	(59, 1, 'Выезжая с грунтовой дороги на перекресток, Вы попадаете:', 10, 1, 44, 'Y', '2018-04-30 15:56:37', 'О том, что Вы выезжаете со второстепенной дороги на главную могут информировать знаки 2.4 «Уступите дорогу» или 2.5 «Движение без остановки запрещено», установленные непосредственно перед выездом на нее. Кроме того, второстепенной является грунтовая дорога по отношению к дороге с\r\nтвердым покрытием (п. 1.2). Наличие на второстепенной дороге непосредственно перед перекрестком участка дороги с покрытием не делает ее равной по значению с пересекаемой. Такие участки на грунтовых дорогах устраивают для того, чтобы грязь с них не выносилась на главную дорогу.'),
	(60, 2, 'Где Вы должны остановиться?', 10, 26, 45, 'Y', '2018-04-30 15:59:28', 'Знак 2.5 «Движение без остановки запрещено» применяется при ограниченной видимости пересекаемой дороги и поэтому независимо от наличия на ней ТС требует обязательной остановки. В данном случае Вы должны остановиться перед краем пересекаемой проезжей части (место В). При наличии разметки 1.12 (стоп-линия) останавливаться следует перед такой линией.'),
	(61, 3, 'Вам необходимо двигаться со скоростью не более 40 км/ч:', 10, 26, 46, 'Y', '2018-04-30 16:02:43', 'Табличка 8.16 «Влажное покрытие» информирует о том, что запрещение движения со скоростью более 40 км/ч, вводимое знаком 3.24 «Ограничение максимальной скорости», действует только в период времени, когда покрытие проезжей части влажное (например, во время дождя или сразу после его\r\nокончания).'),
	(62, 4, 'Какой из указанных знаков устанавливается в начале дороги с односторонним движением?', 10, 26, 47, 'Y', '2018-04-30 16:04:29', 'В начале дороги с односторонним движением устанавливается знак Б (5.5 «Дорога с односторонним движением»). Знак А (5.14 «Полоса для маршрутных транспортных средств») обозначает полосу для маршрутных ТС, знак В (6.14.2 «Номер маршрута») указывает номер и направление маршрута на перекрестке, а знак Г (6.15.1 «Направление движения для грузовых автомобилей») — рекомендуемое направление движения для грузовых автомобилей.'),
	(63, 5, 'Можно ли Вам остановиться в этом месте для посадки или высадки пассажиров?', 10, 12, 48, 'Y', '2018-04-30 16:06:39', 'Разметка 1.17 (в виде желтой зигзагообразной линии) применяется для обозначения мест остановок маршрутных ТС и стоянок такси. В данной ситуации Вы можете остановиться для посадки или высадки пассажиров в обозначенной разметкой 1.17 зоне, если не создадите помех движению маршрутных\r\nавтобусов или троллейбусов (п.12.4). '),
	(64, 6, 'При повороте направо Вы:', 10, 3, 49, 'Y', '2018-04-30 16:09:25', 'Водитель автомобиля с включенными проблесковым маячком синего цвета и специальным звуковым сигналом имеет преимущество перед другими участниками движения (п. 3.1). Значит, Вы должны уступить ему дорогу и только после этого можете повернуть направо, уступая дорогу также и пешеходам (пп. 3.2 и 13.1).'),
	(65, 7, 'В каких случаях водитель не должен подавать сигнал указателями поворота?', 10, 8, NULL, 'Y', '2018-04-30 16:11:02', 'Водитель не должен подавать сигнал указателями поворота только в том случае, если этот сигнал может ввести в заблуждение других участников движения. В остальных случаях он обязан информировать о своих намерениях включением сигнала даже при отсутствии на дороге других участников движения (п. 8.2). '),
	(66, 8, 'Вам разрешено выполнить поворот направо:', 10, 8, 50, 'Y', '2018-04-30 16:12:57', 'Поворачивая направо, Вы не должны оказаться на стороне встречного движения, поэтому поворот разрешено выполнить по траектории А (п. 8.6).'),
	(67, 9, 'Разрешается ли Вам выполнить разворот на перекрестке по указанной траектории?', 10, 8, 51, 'Y', '2018-04-30 16:14:11', 'На перекрестке Вы можете совершить разворот только из крайнего левого положения (п. 8.5).'),
	(68, 10, 'По какой полосе Вы имеете право двигаться с максимально разрешенной скоростью вне населенных пунктов?', 10, 9, 52, 'Y', '2018-04-30 16:15:50', 'Вне населенного пункта запрещается занимать левые полосы при свободных правых (п. 9.4). В данной ситуации Вы можете двигаться только по правой полосе независимо от скорости движения.'),
	(69, 11, 'В каком случае водитель может начать обгон, если такой маневр на данном участке дороги не запрещен?', 10, 11, NULL, 'Y', '2018-04-30 16:18:08', 'Водитель может начать обгон, если не создаст помех не только встречным, но и обгоняющим его ТС (пп. 11.1 и 11.2).'),
	(70, 12, 'Кто из водителей нарушил правила стоянки?', 10, 12, 53, 'Y', '2018-04-30 16:20:18', 'В данной ситуации нарушил правила стоянки только водитель легкового автомобиля, так как использовал для стоянки тротуар (п. 12.2). Стоянка на расстоянии менее 3 м до линии разметки 1.11 не запрещается (п.12.4).'),
	(71, 13, 'При движении прямо Вы:', 10, 6, 54, 'Y', '2018-04-30 16:22:39', 'Вы приближаетесь к регулируемому перекрестку и можете проехать его без остановки, поскольку включен зеленый сигнал светофора (п. 6.15). Выполнять требование знака 2.5 «Движение без остановки запрещено» Вы должны только в том случае, если светофор будет выключен или переведен в режим\r\nжелтого мигающего сигнала (п. 13.3).'),
	(72, 14, 'Вы намерены повернуть направо. Ваши действия?', 10, 13, 55, 'Y', '2018-04-30 16:26:14', 'На данном перекрестке Вы не должны уступать дорогу мотоциклу, находящемуся справа (п. 13.11), поскольку, поворачивая направо, не пересекаете путь его движения. Перед легковым автомобилем, поворачивающим налево, Вы имеете преимущество (п.13.12).'),
	(73, 15, 'Кому Вы обязаны уступить дорогу при повороте налево?', 10, 13, 56, 'Y', '2018-04-30 16:27:50', 'Двигаясь на данном перекрестке по направлению главной дороги (знаки 2.1 «Главная дорога» и 8.13 «Направление главной дороги»), для определения очередности проезда с трамваем А и легковым автомобилем Вы должны руководствоваться правилами проезда перекрестков равнозначных дорог\r\n(п. 13.10). В соответствии с ними преимущество имеет трамвай А (п. 13.11). По этим же правилам легковой автомобиль, находящийся от Вас слева, обязан уступить дорогу. Также уступает Вам дорогу и трамвай Б, движущийся по второстепенной дороге (п. 13.9). '),
	(74, 16, 'Кто из водителей нарушил правила остановки?', 10, 16, 57, 'Y', '2018-04-30 16:29:46', 'Оба водителя нарушили правила остановки, так как на автомагистралях остановка разрешена только на специальных площадках для стоянки, обозначенных знаками 6.4 «Парковка (парковочное место)» или 7.11 «Место отдыха» (п.16.1).'),
	(75, 17, 'Какие из перечисленных требований предъявляются к обучаемому на автомобиле, допущенному к учебной езде на дорогах?', 10, 21, NULL, 'Y', '2018-04-30 16:30:49', 'При обучении вождению автомобиля на дорогах обучаемый должен отвечать всем перечисленным требованиям (пп. 21.2 и 21.4). Первоначальное обучение вождению должно проводиться на закрытых площадках или автодромах (п. 21.1).'),
	(76, 18, 'Какие из перечисленных транспортных средств разрешается эксплуатировать без огнетушителя?', 10, 28, NULL, 'Y', '2018-04-30 16:32:42', 'Мотоциклы могут эксплуатироваться без огнетушителя, а легковым и грузовым автомобилям, автобусам и колесным тракторам при отсутствии огнетушителя эксплуатация запрещается (Перечень, п. 7.7). '),
	(77, 19, 'На повороте возник занос задней оси переднеприводного автомобиля. Ваши действия?', 10, 29, NULL, 'Y', '2018-04-30 16:34:11', 'Занос переднеприводного автомобиля может возникнуть при торможении на повороте из-за «набегания» задних колес на передние. В этом случае целесообразно слегка увеличить подачу топлива (не вызывая пробуксовки передних колес) и дальнейшим поворотом рулевого колеса скорректировать направление движения автомобиля. Следует помнить, что на заднеприводном автомобиле увеличение скорости может только усилить возникший занос.'),
	(78, 20, 'Какие сведения необходимо сообщить диспетчеру для вызова скорой медицинской помощи при дорожно-транспортном происшествии (ДТП)?', 10, 30, NULL, 'Y', '2018-04-30 16:35:53', 'Быстрота приезда скорой медицинской помощи во многом зависит от четкости описания местонахождения ДТП. От указанного числа пострадавших зависит количество автомобилей скорой медицинской помощи, которые требуются на месте ДТП. Сведения о наличии или отсутствии у пострадавших сознания, дыхания, кровообращения, а также сильного кровотечения, переломов и других травм необходимы диспетчеру для определения специализации бригады скорой медицинской помощи.'),
	(79, 1, 'Сколько полос для движения имеет проезжая часть данной дороги?', 11, 1, 58, 'Y', '2018-04-30 16:52:06', 'Проезжая часть разделена сплошной линией разметки на две полосы, каждая из которых имеет ширину, достаточную для движения автомобилей в один ряд. При этом мотоциклам, с учетом их габаритов, не запрещено двигаться по полосе в два ряда (пп. 1.2 и 9.1).'),
	(80, 2, 'Эти знаки предупреждают Вас:', 11, 26, 59, 'Y', '2018-04-30 16:53:18', 'Знак 1.12.2 «Опасные повороты» предупреждает Вас о том, что через 150–300 м начнется участок дороги с несколькими следующими друг за другом опасными поворотами, первый из которых — налево. Табличка 8. 2.1 «Зона действия» уточняет, что общая протяженность этого участка — 500 м.'),
	(81, 3, 'Какой из указанных знаков распространяет свое действие только на ту полосу, над которой он установлен?', 11, 26, 60, 'Y', '2018-04-30 16:54:38', 'Действие знака 3.24 «Ограничение максимальной скорости» распространяется на полосу, над которой он расположен, поскольку совместно со знаком применена табличка 8.14 «Полоса движения» (знак А).'),
	(82, 4, 'Вы буксируете неисправный автомобиль. По какой полосе Вам можно продолжить движение в населенном пункте?', 11, 10, 61, 'Y', '2018-04-30 16:58:04', 'В населенном пункте Вы можете использовать наиболее удобную полосу движения (п. 9.4). Однако на знаке 5.15.3 «Начало полосы», обозначающем начало дополнительной полосы на подъеме, нанесено изображение знака 4.6 «Ограничение минимальной скорости». Следовательно, по левой полосе можно продолжить движение со скоростью не менее 60 км/ч. Поскольку при буксировке неисправного автомобиля скорость не должна превышать 50 км/ч (п. 10.4), Вы должны перестроиться на правую полосу. '),
	(83, 5, 'Что означает разметка в виде надписи «СТОП» на проезжей части?', 11, 27, NULL, 'Y', '2018-04-30 16:59:44', 'Разметка 1.21 в виде надписи «СТОП» на проезжей части предупреждает о приближении к линии поперечной разметки 1.12 (стоп-линия), указывающей место, где необходимо остановиться, выполняя требование знака 2.5 «Движение без остановки запрещено». Без знака 2.5 данная разметка не применяется.'),
	(84, 6, 'Каким транспортным средствам разрешено движение прямо?', 11, 6, 62, 'Y', '2018-04-30 17:02:58', 'В этой ситуации применяется пополосное регулирование: движение по каждой полосе проезжей части регулируется отдельным светофором, расположенным над ней. Стрелки на всех сигналах светофоров указывают направления, в которых разрешено движение с полосы (п. 6.3). В данном случае движение прямо разрешено только грузовому автомобилю.'),
	(85, 7, 'Вы намерены продолжить движение по главной дороге. Обязаны ли Вы при этом включить указатели правого поворота?', 11, 8, 63, 'Y', '2018-04-30 17:04:08', 'Продолжая движение на перекрестке по главной дороге и выполняя при этом поворот направо, Вы обязаны включить указатели правого поворота даже при отсутствии других ТС (п. 8.1).'),
	(86, 8, 'Кто должен уступить дорогу?', 11, 8, 64, 'Y', '2018-04-30 17:09:11', 'Знак 5.15.5 «Конец полосы» информирует об окончании полосы. Следовательно, водителю легкового автомобиля приходится перестраиваться на левую полосу, а при перестроении он должен уступить дорогу грузовому автомобилю, движущемуся в попутном направлении без смены полосы (п. 8.4).'),
	(87, 9, 'Вам можно выполнить разворот:', 11, 8, 65, 'Y', '2018-04-30 17:24:42', 'Поскольку на данном участке дороги имеются трамвайные пути, расположенные слева на одном уровне с проезжей частью, разворот (при отсутствии трамвая) Вы должны выполнять с них по траектории Б (пп. 8.5 и 8.8).'),
	(88, 10, 'По какой полосе проезжей части разрешено движение в населенном пункте, если по техническим причинам транспортное средство не может развивать скорость более 40 км/ч?', 11, 9, NULL, 'Y', '2018-04-30 17:28:38', 'На любых дорогах, если ТС не может развить скорость более 40 км/ч, необходимо двигаться только по крайней правой полосе (п. 9.5). '),
	(90, 11, 'Разрешено ли Вам\r\nобогнать мотоцикл?', 11, 11, 67, 'Y', '2018-04-30 17:34:45', 'Поскольку Вы проезжаете перекресток по главной дороге (знак 2.1 «Главная дорога»), обогнать мотоцикл можно (п.11.4).'),
	(91, 12, 'Разрешается ли Вам остановка для посадки пассажира в этом месте?', 11, 12, 68, 'Y', '2018-04-30 17:40:37', 'Правила разрешают Вам остановку ближе 15 м от указателя остановки маршрутных ТС только для посадки или высадки пассажиров при условии, что не создаются помехи движению маршрутных ТС (п. 12.4).'),
	(92, 13, 'Вы намерены проехать перекресток в прямом направлении. Ваши действия?', 11, 13, 69, 'Y', '2018-04-30 17:42:15', 'Несмотря на разрешающий движение сигнал светофора, Вы обязаны уступить дорогу автомобилю с включенными проблесковым маячком и специальным звуковым сигналом, движущемуся по пересекаемой дороге (п. 3.2). Перед встречным грузовым автомобилем Вы имеете преимущество, так как он поворачивает налево (п. 13.4).'),
	(93, 14, 'Кому Вы должны уступить дорогу при повороте направо?', 11, 14, 70, 'Y', '2018-04-30 17:45:05', 'В данной ситуации Вы должны уступить дорогу как пешеходу, переходящему ее по нерегулируемому пешеходному переходу (п. 14.1), так и пешеходам справа, переходящим проезжую часть, на которую Вы поворачиваете на перекрестке (п. 13.1).'),
	(95, 15, 'Как Вам следует поступить при выполнении разворота?', 11, 13, 72, 'Y', '2018-04-30 17:49:32', 'На данном перекрестке неравнозначных дорог легковой автомобиль, так же как и Вы, находится на главной дороге (знак 2.1 «Главная дорога»), поэтому, разворачиваясь, Вы должны уступить ему дорогу (п. 13.12). По отношению к грузовому автомобилю Вы пользуетесь преимуществом, так как он находится на второстепенной дороге (п. 13.9).'),
	(96, 16, 'Какие из перечисленных действий запрещены водителям транспортных средств в жилой зоне?', 11, 17, NULL, 'Y', '2018-04-30 17:50:58', 'В жилой зоне движение пешеходов разрешается как по тротуарам, так и по проезжей части. В такой зоне Правила запрещают учебную езду, стоянку с работающим двигателем, а также сквозное движение (п. 17.2).'),
	(97, 17, 'Какое расстояние должно быть обеспечено между буксирующим и буксируемым транспортными средствами при буксировке на жесткой сцепке?', 11, 20, NULL, 'Y', '2018-04-30 17:51:46', 'При буксировке на жесткой сцепке расстояние между транспортными средствами должно быть не более 4 м (п. 20.3).'),
	(98, 18, 'В каком случае разрешается эксплуатация транспортного средства?', 11, 28, NULL, 'Y', '2018-04-30 17:53:23', 'Эксплуатация ТС запрещается, если загрязнены внешние световые приборы (Перечень, п. 3.3), регулировка фар не соответствует установленным требованиям (Перечень, п. 3.2), на световых приборах используются рассеиватели и лампы, не соответствующие типу данного светового прибора (Перечень, п. 3.4), на ТС спереди установлены световые приборы с огнями любого цвета, кроме белого, желтого или оранжевого (Перечень, п. 3.6). Следовательно, эксплуатация ТС с установленными спереди световыми приборами с огнями оранжевого цвета разрешается.'),
	(99, 19, 'Что следует предпринять водителю для предотвращения опасных последствий заноса автомобиля при резком повороте рулевого колеса на скользкой дороге?', 11, 29, NULL, 'Y', '2018-04-30 17:54:54', 'Занос на скользкой дороге может возникнуть из-за резкого поворота рулевого колеса. В этом случае необходимо быстро, но плавно повернуть рулевое колесо в сторону заноса и, не дожидаясь прекращения скольжения, опережающим воздействием на рулевое колесо выровнять траекторию движения автомобиля.'),
	(100, 20, 'Как следует расположить руки на грудной клетке пострадавшего при проведении сердечно-легочной реанимации?', 11, 30, NULL, 'Y', '2018-04-30 17:57:29', 'Сердце человека располагается в середине грудной клетки — за грудиной, на два пальца выше ее мечевидного отростка (треугольная кость, которой заканчивается грудина). Давление проводится обеими руками, выпрямленными в локтевых суставах. Основание ладони одной руки накладывается на середину грудной клетки на два пальца выше мечевидного отростка, вторая рука накладывается сверху, пальцы обеих рук берутся в замок, большие пальцы рук указывают на подбородок и живот. Для профилактики переломов грудины и ребер надавливания должны проводиться без резких движений.'),
	(101, 1, 'Сколько проезжих частей имеет данная дорога?', 12, 1, 73, 'Y', '2018-04-30 18:10:37', 'Данная дорога имеет одну проезжую часть, предназначенную для движения в обоих направлениях, так как двойная сплошная линия горизонтальной разметки не является разделительной полосой (п. 1.2).'),
	(102, 2, 'При наличии какого знака водитель должен уступить дорогу, если встречный разъезд затруднен?', 12, 26, 74, 'Y', '2018-04-30 18:12:31', 'Знаки А (1.13 «Крутой спуск») и Б (1.14 «Крутой подъем») устанавливают соответственно на спусках и подъемах, где при наличии препятствия водитель должен уступить дорогу ТС, движущемуся на подъем (п. 11.7). Знак В (2.6 «Преимущество встречного движения») устанавливается перед въездом на узкий участок дороги и обязывает уступить дорогу встречному ТС, если разъезд затруднен. Знак Г (2.7 «Преимущество перед встречным движением»), установленный перед въездом на узкий участок дороги, предоставляет водителю приоритет по отношению к встречному ТС.'),
	(103, 3, 'Разрешена ли Вам стоянка в указанном месте?', 12, 26, 75, 'Y', '2018-04-30 18:20:20', 'Зона действия знака 3.27 «Остановка запрещена» в данной ситуации распространяется до конца населенного пункта. Поставив автомобиль на стоянку на обочине за знаком 5.24.2 «Конец населенного пункта», Вы не нарушите требования знака и п.12.1 Правил. Незначительные по протяженности зоны запрещения остановки могут быть обоснованы, в частности, тем, что под дорогой проходит газопровод или над дорогой — высоковольтная линия электропередачи.'),
	(104, 4, 'Нарушил ли водитель грузового автомобиля правила стоянки?', 12, 26, 76, 'Y', '2018-04-30 18:21:27', 'Знаки 6.4 «Парковка (парковочное место)» и 8.6.4 «Способ постановки транспортного средства на стоянку» указывают, что можно поставить таким способом на околотротуарную стоянку легковой автомобиль или мотоцикл. Следовательно, независимо от разрешенной максимальной массы данного грузового автомобиля водитель нарушил Правила.'),
	(105, 5, 'О чем предупреждает Вас вертикальная разметка, нанесенная на ограждение дороги?', 12, 27, 77, 'Y', '2018-04-30 18:23:01', 'Разметка 2.5 применяется для обозначения боковых поверхностей дорожных ограждений на опасных участках: в начале ограждения на прямых участках, а также по всей длине на транспортных развязках в разных уровнях, закруглениях дорог радиусом менее 50 м, крутых спусках.'),
	(106, 6, 'Разрешается ли водителю продолжить движение после переключения зеленого сигнала светофора на желтый, если возможно остановиться перед перекрестком, только применив экстренное торможение?', 12, 6, NULL, 'Y', '2018-04-30 18:25:50', 'Правила разрешают продолжить движение через перекресток, если при включении желтого сигнала водитель не может остановиться перед стоп-линией (знак 6.16) или перед пересекаемой проезжей частью без применения экстренного торможения (п. 6.14).'),
	(107, 7, 'Поднятая вверх рука водителя мотоцикла является сигналом, информирующим Вас о его намерении:', 12, 8, 78, 'Y', '2018-04-30 18:27:36', 'Сигнал торможения, подаваемый водителем мотоцикла путем поднятия вверх левой руки, свидетельствует о его намерении снизить скорость, чтобы остановиться (п. 8.1) и уступить дорогу легковому автомобилю, приближающемуся справа к нерегулируемому перекрестку равнозначных дорог (п.13.11).'),
	(108, 8, 'В каких направлениях Вам можно продолжить движение по левой полосе на грузовом автомобиле с разрешенной максимальной массой не более 3,5 т?', 12, 26, 79, 'Y', '2018-04-30 18:29:22', 'Знак 4.1.4 «Движение прямо или направо» и табличка 8.4.1 «Вид транспортного средства» информируют о том, что в указанных направлениях должны двигаться только грузовые автомобили с разрешенной максимальной массой более 3,5 т. На грузовые автомобили с разрешенной максимальной массой не более 3,5 т действие этого предписывающего знака не распространяется. Поэтому Вам можно продолжить движение по левой полосе во всех разрешенных с этой полосы направлениях, т.е. прямо, налево и в обратном направлении (п. 8.5).'),
	(109, 9, 'Вам необходимо повернуть на примыкающую справа дорогу. Ваши действия?', 12, 8, 80, 'Y', '2018-04-30 18:30:54', 'В данном случае для поворота на примыкающую справа дорогу Вы должны своевременно перестроиться на полосу торможения и снижать скорость только на ней (п. 8.10).'),
	(110, 10, 'С какой максимальной скоростью Вы имеете право продолжить движение вне населенных пунктов на легковом автомобиле с прицепом?', 12, 10, 81, 'Y', '2018-04-30 18:32:20', 'За знаком 3.25 «Конец зоны ограничения максимальной скорости» скорость движения легкового автомобиля с прицепом вне населенного пункта на дорогах, не относящихся к автомагистралям, должна быть не более 70 км/ч (п. 10.3).'),
	(111, 11, 'Разрешен ли Вам обгон?', 12, 11, 82, 'Y', '2018-04-30 18:34:48', 'Ha нерегулируемых перекрестках обгон запрещен при движении по дороге, не являющейся главной (п. 11.4). Поскольку Вы приближаетесь к перекрестку неравнозначных дорог, двигаясь по главной дороге (знак 2.3.1 «Пересечение со второстепенной дорогой»), то обгон разрешается совершить, даже если он не будет завершен до перекрестка.'),
	(112, 12, 'Кто из водителей нарушил правила стоянки?', 12, 12, 83, 'Y', '2018-04-30 18:36:00', 'Ставить ТС на стоянку разрешается в один ряд параллельно краю проезжей части. Под углом к краю проезжей части допускается постановка ТС при наличии знака 6.4 с одной из табличек 8.6.4 - 8.6.9, а также линий дорожной разметки (п. 12.2).'),
	(113, 13, 'Вы намерены развернуться. Ваши действия?', 12, 6, 84, 'Y', '2018-04-30 18:39:04', 'При таком сигнале регулировщика движение разрешено Вам и водителю легкового автомобиля, поворачивающему направо (п. 6.10). В этой ситуации очередность движения правилами проезда перекрестков не оговорена, поэтому дорогу должен уступить водитель, к которому ТС приближается справа (п. 8.9). Таким ТС будет для Вас легковой автомобиль после того, как Вы начнете движение и выедете на перекресток. Завершая разворот, Вы должны уступить дорогу легковому автомобилю.'),
	(114, 14, 'Кому Вы должны уступить дорогу при движении в прямом направлении?', 12, 13, 85, 'Y', '2018-04-30 18:39:50', 'На данном перекрестке равнозначных дорог Вы должны уступить дорогу только трамваю, имеющему преимущество, а водитель легкового автомобиля, находящегося слева, обязан уступить Вам дорогу (п. 13.11). '),
	(115, 15, 'Как Вам следует поступить при повороте налево?', 12, 13, 86, 'Y', '2018-04-30 18:42:11', 'Проблесковый маячок оранжевого или желтого цвета преимущества в движении не дает (п. 3.4). Поэтому, двигаясь по главной дороге (знаки 2.1 «Главная дорога» и 8.13 «Направление главной дороги»), Вы можете проехать данный перекресток неравнозначных дорог первым. Легковой автомобиль и грузовой автомобиль с маячком находятся на второстепенных дорогах и должны уступить Вам дорогу (п. 13.9).'),
	(116, 16, 'Разрешено ли Вам проехать железнодорожный переезд?', 12, 15, 87, 'Y', '2018-04-30 18:44:00', 'Когда дежурный по переезду обращен к водителям грудью или спиной с вытянутыми в стороны руками, запрещается движение через переезд независимо от сигнала светофора, положения шлагбаума и отсутствия приближающегося поезда (п. 15.3). '),
	(117, 17, 'В каких случаях разрешено применять звуковые сигналы в населенных пунктах?', 12, 19, NULL, 'Y', '2018-04-30 18:44:50', 'В населенных пунктах звуковые сигналы разрешается применять только для предотвращения дорожно-транспортного происшествия (п. 19.10). При этом важно подавать их своевременно, а не в последний момент, и они не должны быть излишне продолжительными.'),
	(118, 18, 'При каком максимальном значении суммарного люфта в рулевом управлении допускается эксплуатация легкового автомобиля?', 12, 28, NULL, 'Y', '2018-04-30 18:46:03', 'Суммарный люфт в рулевом управлении легкового автомобиля не должен превышать 10 градусов (Перечень, п. 2.1).'),
	(119, 19, 'Как следует поступить водителю при высадке из автомобиля, стоящего у тротуара или на обочине?', 12, 29, NULL, 'Y', '2018-04-30 18:47:43', 'Для обеспечения безопасности при высадке водителя из автомобиля, стоящего у тротуара или на обочине, ему следует обойти автомобиль сзади, чтобы иметь возможность видеть ТС, движущиеся в попутном направлении.'),
	(120, 20, 'При движении в условиях тумана расстояние до предметов представляется:', 12, 29, 88, 'Y', '2018-04-30 18:50:00', 'При движении в условиях тумана водитель должен учитывать, что расстояние до предметов представляется большим, чем в действительности.');
/*!40000 ALTER TABLE `theory_question` ENABLE KEYS */;

-- Дамп структуры для таблица yii2diplom.theory_topic
CREATE TABLE IF NOT EXISTS `theory_topic` (
  `id` int(11) NOT NULL AUTO_INCREMENT,
  `topic_number` varchar(255) COLLATE utf8_unicode_ci NOT NULL,
  `topic_text` varchar(255) COLLATE utf8_unicode_ci NOT NULL,
  PRIMARY KEY (`id`),
  UNIQUE KEY `topic_number` (`topic_number`)
) ENGINE=InnoDB AUTO_INCREMENT=32 DEFAULT CHARSET=utf8 COLLATE=utf8_unicode_ci;

-- Дамп данных таблицы yii2diplom.theory_topic: ~31 rows (приблизительно)
DELETE FROM `theory_topic`;
/*!40000 ALTER TABLE `theory_topic` DISABLE KEYS */;
INSERT INTO `theory_topic` (`id`, `topic_number`, `topic_text`) VALUES
	(1, '1.', 'Общие положения'),
	(2, '2.', 'Общие обязанности водителей'),
	(3, '3.', 'Применение специальных сигналов'),
	(4, '4.', 'Обязанности пешеходов'),
	(5, '5.', 'Обязанности пассажиров'),
	(6, '6.', 'Сигналы светофора и регулировщика'),
	(7, '7.', 'Применение аварийной сигнализации и знака аварийной остановки'),
	(8, '8.', 'Начало движения, маневрирование'),
	(9, '9.', 'Расположение транспортных средств на проезжей части'),
	(10, '10.', 'Скорость движения'),
	(11, '11.', 'Обгон, опережение, встречный разъезд'),
	(12, '12.', 'Остановка и стоянка'),
	(13, '13.', 'Проезд перекрестков'),
	(14, '14.', 'Пешеходные переходы и места остановок маршрутных транспортных средств'),
	(15, '15.', 'Движение через железнодорожные пути'),
	(16, '16.', 'Движение по автомагистралям'),
	(17, '17.', 'Движение в жилых зонах'),
	(18, '18.', 'Приоритет маршрутных транспортных средств'),
	(19, '19.', 'Пользование внешними световыми приборами и звуковыми сигналами'),
	(20, '20.', 'Буксировка механических транспортных средств'),
	(21, '21.', 'Учебная езда'),
	(22, '22.', 'Перевозка людей'),
	(23, '23.', 'Перевозка грузов'),
	(24, '24.', 'Дополнительные требования к движению велосипедистов и водителей мопедов'),
	(25, '25.', 'Дополнительные требования к движению гужевых повозок, а также к прогону животных'),
	(26, '26.', 'Дорожные знаки'),
	(27, '27.', 'Дорожная разметка и ее характеристики'),
	(28, '28.', 'Перечень неисправностей и условий, при которых запрещается эксплуатация транспортных средств'),
	(29, '29.', 'Основы безопасности дорожного движения'),
	(30, '30.', 'Оказание первой медицинской помощи'),
	(31, '31.', 'Ответственность водителя');
/*!40000 ALTER TABLE `theory_topic` ENABLE KEYS */;

-- Дамп структуры для таблица yii2diplom.user
CREATE TABLE IF NOT EXISTS `user` (
  `id` int(11) NOT NULL AUTO_INCREMENT,
  `username` varchar(255) COLLATE utf8_unicode_ci NOT NULL,
  `auth_key` varchar(32) COLLATE utf8_unicode_ci NOT NULL,
  `password_hash` varchar(255) COLLATE utf8_unicode_ci NOT NULL,
  `password_reset_token` varchar(255) COLLATE utf8_unicode_ci DEFAULT NULL,
  `email` varchar(255) COLLATE utf8_unicode_ci NOT NULL,
  `status` smallint(6) NOT NULL DEFAULT '10',
  `created_at` int(11) NOT NULL,
  `updated_at` int(11) NOT NULL,
  `first_name` varchar(255) COLLATE utf8_unicode_ci DEFAULT NULL,
  `last_name` varchar(255) COLLATE utf8_unicode_ci DEFAULT NULL,
  `second_name` varchar(255) COLLATE utf8_unicode_ci DEFAULT NULL,
  `phone_number` varchar(20) COLLATE utf8_unicode_ci DEFAULT NULL,
  `avatar_id` int(11) DEFAULT NULL,
  PRIMARY KEY (`id`),
  UNIQUE KEY `username` (`username`),
  UNIQUE KEY `email` (`email`),
  UNIQUE KEY `password_reset_token` (`password_reset_token`),
  KEY `fk_user_avatar_id` (`avatar_id`),
  CONSTRAINT `fk_user_avatar_id` FOREIGN KEY (`avatar_id`) REFERENCES `file` (`id`) ON DELETE CASCADE ON UPDATE CASCADE
) ENGINE=InnoDB AUTO_INCREMENT=7 DEFAULT CHARSET=utf8 COLLATE=utf8_unicode_ci;

-- Дамп данных таблицы yii2diplom.user: ~1 rows (приблизительно)
DELETE FROM `user`;
/*!40000 ALTER TABLE `user` DISABLE KEYS */;
INSERT INTO `user` (`id`, `username`, `auth_key`, `password_hash`, `password_reset_token`, `email`, `status`, `created_at`, `updated_at`, `first_name`, `last_name`, `second_name`, `phone_number`, `avatar_id`) VALUES
	(6, 'admin', 'jYh_ph6Qtn30W4fs4xGsBdcIKRMppNN0', '$2y$13$NNQO1B9h7Sj9ujQu0P7rPOCk4raHN/snHBWFq43.3cfz0aS1tVyHK', NULL, 'admin@example.com', 10, 1524909839, 1524909839, NULL, NULL, NULL, NULL, NULL);
/*!40000 ALTER TABLE `user` ENABLE KEYS */;

-- Дамп структуры для таблица yii2diplom.user_group
CREATE TABLE IF NOT EXISTS `user_group` (
  `user_id` int(11) NOT NULL,
  `group_id` int(11) NOT NULL,
  PRIMARY KEY (`user_id`,`group_id`),
  KEY `fk_user_group_group_id` (`group_id`),
  CONSTRAINT `fk_user_group_group_id` FOREIGN KEY (`group_id`) REFERENCES `group` (`id`) ON DELETE CASCADE ON UPDATE CASCADE,
  CONSTRAINT `fk_user_group_user_id` FOREIGN KEY (`user_id`) REFERENCES `user` (`id`) ON DELETE CASCADE ON UPDATE CASCADE
) ENGINE=InnoDB DEFAULT CHARSET=utf8 COLLATE=utf8_unicode_ci;

-- Дамп данных таблицы yii2diplom.user_group: ~1 rows (приблизительно)
DELETE FROM `user_group`;
/*!40000 ALTER TABLE `user_group` DISABLE KEYS */;
INSERT INTO `user_group` (`user_id`, `group_id`) VALUES
	(6, 1),
	(6, 6);
/*!40000 ALTER TABLE `user_group` ENABLE KEYS */;

-- Дамп структуры для триггер yii2diplom.before_insert_theory_question
SET @OLDTMP_SQL_MODE=@@SQL_MODE, SQL_MODE='NO_AUTO_CREATE_USER,NO_ENGINE_SUBSTITUTION';
DELIMITER //
CREATE TRIGGER `before_insert_theory_question` BEFORE INSERT ON `theory_question` FOR EACH ROW BEGIN
            
                SET NEW.update_status = "Y";
                SET NEW.last_update = NOW();
            END//
DELIMITER ;
SET SQL_MODE=@OLDTMP_SQL_MODE;

-- Дамп структуры для триггер yii2diplom.before_update_theory_question
SET @OLDTMP_SQL_MODE=@@SQL_MODE, SQL_MODE='NO_AUTO_CREATE_USER,NO_ENGINE_SUBSTITUTION';
DELIMITER //
CREATE TRIGGER `before_update_theory_question` BEFORE UPDATE ON `theory_question` FOR EACH ROW BEGIN
            
                SET NEW.update_status = "Y";
                SET NEW.last_update = NOW();
            END//
DELIMITER ;
SET SQL_MODE=@OLDTMP_SQL_MODE;

/*!40101 SET SQL_MODE=IFNULL(@OLD_SQL_MODE, '') */;
/*!40014 SET FOREIGN_KEY_CHECKS=IF(@OLD_FOREIGN_KEY_CHECKS IS NULL, 1, @OLD_FOREIGN_KEY_CHECKS) */;
/*!40101 SET CHARACTER_SET_CLIENT=@OLD_CHARACTER_SET_CLIENT */;
